partner_account_id,client_account_id,referral_date
P_0001,C_001928,2022-09-10 07:59:00
P_0001,C_001934,2022-09-10 07:42:00
P_0001,C_001935,2022-09-10 07:43:00
P_0001,C_001936,2022-09-10 07:46:00
P_0001,C_001938,2022-09-10 07:37:00
P_0001,C_001939,2022-09-10 07:42:00
P_0001,C_001940,2022-09-10 07:58:00
P_0001,C_001942,2022-09-01 00:16:00
P_0001,C_001945,2022-09-10 07:55:00
P_0001,C_001956,2022-09-10 07:42:00
P_0001,C_001957,2022-09-10 07:59:00
P_0002,C_000187,2022-09-10 14:39:00
P_0002,C_000223,2022-09-09 22:13:00
P_0002,C_000585,2022-09-09 12:54:00
P_0002,C_000775,2022-09-10 11:55:00
P_0002,C_001049,2022-09-09 10:39:00
P_0002,C_001065,2022-09-12 18:54:00
P_0002,C_001337,2022-09-11 11:56:00
P_0002,C_001402,2022-09-09 13:37:00
P_0002,C_001528,2022-09-09 05:45:00
P_0002,C_001707,2022-09-09 19:14:00
P_0002,C_001849,2022-09-11 13:34:00
P_0003,C_001233,2022-09-07 16:29:00
P_0003,C_001234,2022-09-07 16:16:00
P_0003,C_001235,2022-09-07 16:25:00
P_0003,C_001236,2022-09-07 16:14:00
P_0003,C_001238,2022-09-07 16:13:00
P_0003,C_001239,2022-09-07 16:12:00
P_0003,C_001240,2022-09-07 16:17:00
P_0003,C_001241,2022-09-07 16:21:00
P_0004,C_001988,2022-09-10 05:45:00
P_0004,C_001989,2022-09-10 05:49:00
P_0004,C_001990,2022-09-10 05:54:00
P_0004,C_001991,2022-09-10 05:57:00
P_0004,C_001992,2022-09-10 05:52:00
P_0004,C_001993,2022-09-10 05:40:00
P_0004,C_001994,2022-09-10 05:36:00
P_0004,C_001995,2022-09-01 21:07:00
P_0005,C_000015,2022-09-06 14:21:00
P_0005,C_000019,2022-09-08 18:48:00
P_0005,C_001910,2022-09-08 10:24:00
P_0005,C_001923,2022-09-15 04:10:00
P_0005,C_001958,2022-09-08 12:53:00
P_0005,C_001961,2022-09-07 13:56:00
P_0005,C_002157,2022-09-10 19:56:00
P_0006,C_001113,2022-09-10 08:24:00
P_0006,C_001115,2022-09-10 08:05:00
P_0006,C_001124,2022-09-10 08:04:00
P_0006,C_001126,2022-09-10 08:14:00
P_0006,C_001127,2022-09-10 08:28:00
P_0006,C_001128,2022-09-10 08:12:00
P_0006,C_001129,2022-09-10 08:04:00
P_0007,C_000130,2022-09-07 10:04:00
P_0007,C_000197,2022-09-04 09:07:00
P_0007,C_000295,2022-09-03 16:10:00
P_0007,C_000311,2022-09-06 16:36:00
P_0007,C_000575,2022-09-04 11:01:00
P_0007,C_000664,2022-09-02 02:56:00
P_0007,C_000772,2022-09-03 19:59:00
P_0007,C_000866,2022-09-07 01:41:00
P_0007,C_001051,2022-09-04 15:32:00
P_0007,C_001366,2022-09-04 03:47:00
P_0007,C_001663,2022-09-05 15:45:00
P_0007,C_001679,2022-09-05 16:34:00
P_0007,C_001704,2022-09-07 12:17:00
P_0007,C_001804,2022-09-04 15:24:00
P_0008,C_001711,2022-09-01 18:49:00
P_0008,C_001712,2022-09-01 18:44:00
P_0008,C_001713,2022-09-01 18:45:00
P_0008,C_001714,2022-09-01 18:44:00
P_0008,C_001715,2022-09-01 18:34:00
P_0008,C_001716,2022-09-01 18:56:00
P_0008,C_001719,2022-09-01 18:50:00
P_0008,C_001720,2022-09-01 18:40:00
P_0009,C_000105,2022-09-10 17:06:00
P_0009,C_000135,2022-09-11 04:04:00
P_0009,C_000207,2022-09-10 21:37:00
P_0009,C_000256,2022-09-09 18:10:00
P_0009,C_000278,2022-09-12 03:52:00
P_0009,C_000518,2022-09-10 20:38:00
P_0009,C_000554,2022-09-11 08:05:00
P_0009,C_000562,2022-09-11 15:35:00
P_0009,C_000753,2022-09-10 02:16:00
P_0009,C_000780,2022-09-11 14:56:00
P_0009,C_000829,2022-09-11 11:39:00
P_0009,C_000964,2022-09-11 13:05:00
P_0009,C_001007,2022-09-11 18:27:00
P_0010,C_000140,2022-09-12 16:24:00
P_0010,C_000266,2022-09-09 19:28:00
P_0010,C_000431,2022-09-13 01:08:00
P_0010,C_000504,2022-09-13 15:03:00
P_0010,C_000510,2022-09-01 16:19:00
P_0010,C_000531,2022-09-01 07:20:00
P_0010,C_000606,2022-09-10 11:02:00
P_0010,C_000695,2022-09-13 08:49:00
P_0010,C_000751,2022-09-13 10:06:00
P_0010,C_000757,2022-09-16 12:36:00
P_0010,C_000907,2022-09-13 15:33:00
P_0010,C_000920,2022-09-13 04:31:00
P_0010,C_001028,2022-09-11 19:29:00
P_0011,C_000230,2022-09-05 06:02:00
P_0011,C_000524,2022-09-06 16:16:00
P_0011,C_000604,2022-09-06 08:57:00
P_0011,C_000910,2022-09-06 14:26:00
P_0011,C_001167,2022-09-05 08:32:00
P_0011,C_001231,2022-09-06 13:15:00
P_0011,C_001646,2022-09-05 05:47:00
P_0012,C_000466,2022-09-03 02:58:00
P_0012,C_000467,2022-09-03 02:35:00
P_0012,C_000468,2022-09-03 02:35:00
P_0012,C_000470,2022-09-03 02:58:00
P_0012,C_000471,2022-09-03 02:30:00
P_0012,C_000472,2022-09-03 02:32:00
P_0012,C_000473,2022-09-03 02:34:00
P_0013,C_000354,2022-09-09 17:41:00
P_0013,C_000356,2022-09-09 17:47:00
P_0013,C_000363,2022-09-09 17:48:00
P_0013,C_000367,2022-09-09 17:49:00
P_0013,C_000370,2022-09-09 17:49:00
P_0013,C_000371,2022-09-09 17:54:00
P_0013,C_000372,2022-09-09 17:45:00
P_0014,C_001293,2022-09-01 22:47:00
P_0014,C_001294,2022-09-01 22:50:00
P_0014,C_001295,2022-09-01 22:45:00
P_0014,C_001296,2022-09-01 22:32:00
P_0014,C_001297,2022-09-01 22:50:00
P_0014,C_001298,2022-09-01 22:39:00
P_0014,C_001299,2022-09-01 22:58:00
P_0014,C_001300,2022-09-01 22:42:00
P_0015,C_000586,2022-09-09 12:41:00
P_0015,C_000690,2022-09-08 19:04:00
P_0015,C_000703,2022-09-01 13:18:00
P_0015,C_000870,2022-09-09 16:14:00
P_0015,C_000881,2022-09-09 08:30:00
P_0015,C_001025,2022-09-09 15:52:00
P_0015,C_001148,2022-09-09 16:34:00
P_0015,C_001225,2022-09-09 12:05:00
P_0015,C_001417,2022-09-10 21:59:00
P_0015,C_001580,2022-09-08 10:45:00
P_0015,C_001654,2022-09-09 00:47:00
P_0016,C_001213,2022-09-10 05:23:00
P_0016,C_001214,2022-09-10 05:19:00
P_0016,C_001215,2022-09-10 05:29:00
P_0016,C_001216,2022-09-10 05:23:00
P_0016,C_001217,2022-09-10 05:11:00
P_0016,C_001218,2022-09-10 05:23:00
P_0016,C_001221,2022-09-10 05:29:00
P_0016,C_001222,2022-09-10 05:29:00
P_0016,C_001223,2022-09-10 05:12:00
P_0016,C_001224,2022-09-10 05:27:00
P_0017,C_000617,2022-09-09 02:27:00
P_0017,C_000618,2022-09-09 02:26:00
P_0017,C_000619,2022-09-09 02:04:00
P_0017,C_000620,2022-09-09 02:22:00
P_0017,C_000621,2022-09-09 02:22:00
P_0017,C_000622,2022-09-09 02:13:00
P_0017,C_000623,2022-09-09 02:07:00
P_0017,C_000624,2022-09-09 02:16:00
P_0018,C_002141,2022-09-07 01:05:00
P_0018,C_002145,2022-09-07 01:21:00
P_0018,C_002146,2022-09-07 01:08:00
P_0018,C_002150,2022-09-07 01:11:00
P_0018,C_002151,2022-09-07 01:13:00
P_0018,C_002153,2022-09-07 01:00:00
P_0018,C_002154,2022-09-07 01:24:00
P_0018,C_002155,2022-09-07 01:07:00
P_0019,C_000157,2022-09-07 09:30:00
P_0019,C_000210,2022-09-04 22:04:00
P_0019,C_000240,2022-09-06 08:32:00
P_0019,C_000345,2022-09-06 19:22:00
P_0019,C_000616,2022-09-06 05:51:00
P_0019,C_000728,2022-09-06 09:53:00
P_0019,C_000739,2022-09-07 10:44:00
P_0019,C_000963,2022-09-07 11:22:00
P_0019,C_001291,2022-09-06 13:16:00
P_0019,C_001436,2022-09-07 22:10:00
P_0019,C_001500,2022-09-06 16:06:00
P_0019,C_001588,2022-09-08 04:16:00
P_0019,C_001645,2022-09-07 00:01:00
P_0020,C_000231,2022-09-09 00:41:00
P_0020,C_000456,2022-09-03 06:09:00
P_0020,C_000457,2022-09-03 06:06:00
P_0020,C_000458,2022-09-03 06:18:00
P_0020,C_000459,2022-09-03 06:19:00
P_0020,C_000460,2022-09-03 06:14:00
P_0020,C_000461,2022-09-03 06:19:00
P_0021,C_000448,2022-09-05 09:16:00
P_0021,C_000450,2022-09-05 09:11:00
P_0021,C_000451,2022-09-05 09:20:00
P_0021,C_000452,2022-09-05 09:16:00
P_0021,C_000453,2022-09-05 09:03:00
P_0021,C_000462,2022-09-05 09:04:00
P_0021,C_000463,2022-09-05 09:18:00
P_0022,C_001837,2022-09-02 20:38:00
P_0022,C_001838,2022-09-02 20:30:00
P_0022,C_001839,2022-09-02 20:36:00
P_0022,C_001840,2022-09-02 20:31:00
P_0022,C_001842,2022-09-02 20:55:00
P_0022,C_001843,2022-09-01 00:22:00
P_0022,C_001844,2022-09-02 20:38:00
P_0022,C_001845,2022-09-02 20:52:00
P_0022,C_001846,2022-09-02 20:34:00
P_0022,C_001847,2022-09-02 20:58:00
P_0023,C_000926,2022-09-04 11:30:00
P_0023,C_000927,2022-09-04 11:51:00
P_0023,C_000928,2022-09-04 11:32:00
P_0023,C_000929,2022-09-04 11:39:00
P_0023,C_000930,2022-09-04 11:33:00
P_0023,C_000931,2022-09-04 11:30:00
P_0023,C_000932,2022-09-04 11:43:00
P_0024,C_000776,2022-09-09 06:27:00
P_0024,C_000777,2022-09-09 06:22:00
P_0024,C_000779,2022-09-09 06:06:00
P_0024,C_000783,2022-09-09 06:09:00
P_0024,C_000792,2022-09-09 06:14:00
P_0024,C_000793,2022-09-09 06:03:00
P_0024,C_000806,2022-09-09 06:29:00
P_0025,C_000850,2022-09-02 08:30:00
P_0025,C_000854,2022-09-02 08:52:00
P_0025,C_000855,2022-09-02 08:51:00
P_0025,C_000856,2022-09-02 08:42:00
P_0025,C_000860,2022-09-02 08:34:00
P_0025,C_000863,2022-09-02 08:52:00
P_0025,C_000864,2022-09-02 08:34:00
P_0026,C_002048,2022-09-02 16:57:00
P_0026,C_002052,2022-09-02 16:34:00
P_0026,C_002055,2022-09-02 16:42:00
P_0026,C_002056,2022-09-02 16:51:00
P_0026,C_002057,2022-09-02 16:33:00
P_0026,C_002060,2022-09-02 16:58:00
P_0026,C_002062,2022-09-02 16:43:00
P_0026,C_002064,2022-09-02 16:43:00
P_0026,C_002066,2022-09-02 16:46:00
P_0027,C_001147,2022-09-09 20:13:00
P_0027,C_001159,2022-09-02 11:46:00
P_0027,C_001161,2022-09-09 09:05:00
P_0027,C_001164,2022-09-02 03:05:00
P_0027,C_001171,2022-09-09 23:11:00
P_0027,C_001172,2022-09-02 16:32:00
P_0027,C_001174,2022-09-09 11:51:00
P_0027,C_001176,2022-09-09 10:30:00
P_0027,C_001200,2022-09-02 12:16:00
P_0027,C_001206,2022-09-02 19:07:00
P_0027,C_001207,2022-09-09 13:43:00
P_0028,C_001313,2022-09-09 18:41:00
P_0028,C_001314,2022-09-09 18:49:00
P_0028,C_001315,2022-09-09 18:45:00
P_0028,C_001316,2022-09-09 18:57:00
P_0028,C_001318,2022-09-09 18:55:00
P_0028,C_001319,2022-09-09 18:30:00
P_0028,C_001320,2022-09-09 18:41:00
P_0028,C_001321,2022-09-09 18:51:00
P_0028,C_001322,2022-09-09 18:37:00
P_0029,C_000188,2022-09-05 14:16:00
P_0029,C_000219,2022-09-06 08:36:00
P_0029,C_000405,2022-09-05 16:21:00
P_0029,C_000443,2022-09-05 06:11:00
P_0029,C_000477,2022-09-06 05:28:00
P_0029,C_000489,2022-09-05 20:29:00
P_0029,C_000521,2022-09-05 14:50:00
P_0029,C_000555,2022-09-05 05:08:00
P_0029,C_000809,2022-09-06 12:38:00
P_0029,C_000880,2022-09-06 00:17:00
P_0029,C_000893,2022-09-05 11:07:00
P_0029,C_000904,2022-09-06 11:25:00
P_0029,C_000933,2022-09-06 01:14:00
P_0029,C_000980,2022-09-05 12:20:00
P_0029,C_001071,2022-09-05 01:21:00
P_0030,C_000851,2022-09-09 09:47:00
P_0030,C_000852,2022-09-09 09:38:00
P_0030,C_000853,2022-09-09 09:46:00
P_0030,C_000857,2022-09-09 09:55:00
P_0030,C_000858,2022-09-09 09:41:00
P_0030,C_000859,2022-09-09 09:33:00
P_0030,C_000861,2022-09-09 09:57:00
P_0030,C_000862,2022-09-09 09:35:00
P_0030,C_000865,2022-09-09 09:41:00
P_0031,C_002020,2022-09-07 13:13:00
P_0031,C_002021,2022-09-07 13:19:00
P_0031,C_002022,2022-09-07 13:14:00
P_0031,C_002023,2022-09-07 13:24:00
P_0031,C_002024,2022-09-07 13:07:00
P_0031,C_002025,2022-09-07 13:10:00
P_0031,C_002026,2022-09-07 13:10:00
P_0031,C_002027,2022-09-07 13:04:00
P_0032,C_001089,2022-09-08 15:02:00
P_0032,C_001090,2022-09-08 15:06:00
P_0032,C_001091,2022-09-08 15:10:00
P_0032,C_001092,2022-09-08 15:23:00
P_0032,C_001093,2022-09-08 15:21:00
P_0032,C_001094,2022-09-08 15:14:00
P_0032,C_001095,2022-09-08 15:18:00
P_0032,C_001096,2022-09-08 15:27:00
P_0032,C_001097,2022-09-08 15:01:00
P_0032,C_001098,2022-09-08 15:22:00
P_0033,C_000049,2022-09-06 12:42:00
P_0033,C_000106,2022-09-06 21:34:00
P_0033,C_000120,2022-09-05 00:57:00
P_0033,C_000126,2022-09-06 10:30:00
P_0033,C_000158,2022-09-07 13:16:00
P_0033,C_000162,2022-09-06 08:02:00
P_0033,C_000190,2022-09-06 16:36:00
P_0033,C_000204,2022-09-07 13:36:00
P_0033,C_000209,2022-09-05 09:30:00
P_0033,C_000259,2022-09-08 17:38:00
P_0033,C_000260,2022-09-06 07:54:00
P_0033,C_000264,2022-09-10 13:17:00
P_0033,C_000403,2022-09-07 11:06:00
P_0034,C_000505,2022-09-11 13:24:00
P_0034,C_000566,2022-09-09 23:11:00
P_0034,C_000579,2022-09-12 15:18:00
P_0034,C_000583,2022-09-11 16:14:00
P_0034,C_000602,2022-09-15 15:58:00
P_0034,C_000688,2022-09-13 12:50:00
P_0034,C_000800,2022-09-10 16:59:00
P_0034,C_001056,2022-09-12 16:14:00
P_0034,C_001250,2022-09-10 23:36:00
P_0034,C_001281,2022-09-13 05:28:00
P_0034,C_001323,2022-09-10 12:42:00
P_0034,C_001406,2022-09-13 18:22:00
P_0034,C_001495,2022-09-13 17:58:00
P_0034,C_001503,2022-09-11 09:22:00
P_0034,C_001511,2022-09-12 08:09:00
P_0035,C_000813,2022-09-01 20:25:00
P_0035,C_000814,2022-09-01 20:06:00
P_0035,C_000817,2022-09-01 03:14:00
P_0035,C_000818,2022-09-01 20:26:00
P_0035,C_000819,2022-09-01 20:06:00
P_0035,C_000820,2022-09-01 20:00:00
P_0035,C_000821,2022-09-01 20:21:00
P_0036,C_000132,2022-09-01 22:41:00
P_0036,C_000597,2022-09-07 12:02:00
P_0036,C_000869,2022-09-06 00:22:00
P_0036,C_001058,2022-09-05 21:27:00
P_0036,C_001086,2022-09-06 05:32:00
P_0036,C_001440,2022-09-07 14:00:00
P_0036,C_001458,2022-09-04 10:41:00
P_0036,C_001606,2022-09-04 01:50:00
P_0036,C_001641,2022-09-06 15:50:00
P_0036,C_001650,2022-09-07 16:03:00
P_0036,C_001800,2022-09-04 00:26:00
P_0037,C_000627,2022-09-01 11:17:00
P_0037,C_000628,2022-09-01 11:24:00
P_0037,C_000629,2022-09-01 00:02:00
P_0037,C_000630,2022-09-01 11:04:00
P_0037,C_000631,2022-09-01 11:21:00
P_0037,C_000632,2022-09-01 11:16:00
P_0037,C_000633,2022-09-01 11:16:00
P_0037,C_000634,2022-09-01 11:00:00
P_0037,C_000635,2022-09-01 11:26:00
P_0038,C_000069,2022-09-01 15:52:00
P_0038,C_000073,2022-09-01 15:36:00
P_0038,C_000074,2022-09-01 15:31:00
P_0038,C_000076,2022-09-01 15:45:00
P_0038,C_000078,2022-09-01 15:37:00
P_0038,C_000082,2022-09-01 15:57:00
P_0038,C_000083,2022-09-01 15:34:00
P_0038,C_000088,2022-09-01 15:34:00
P_0038,C_000090,2022-09-01 15:47:00
P_0039,C_000060,2022-09-04 11:30:00
P_0039,C_000488,2022-09-03 05:28:00
P_0039,C_000815,2022-09-06 07:36:00
P_0039,C_000867,2022-09-04 06:05:00
P_0039,C_000912,2022-09-05 01:28:00
P_0039,C_000915,2022-09-04 10:41:00
P_0039,C_000981,2022-09-06 21:55:00
P_0039,C_001277,2022-09-06 17:24:00
P_0039,C_001391,2022-09-06 12:47:00
P_0039,C_001683,2022-09-01 05:42:00
P_0039,C_001693,2022-09-05 11:54:00
P_0040,C_000017,2022-09-08 17:54:00
P_0040,C_000065,2022-09-08 07:07:00
P_0040,C_000102,2022-09-07 16:48:00
P_0040,C_000118,2022-09-02 22:19:00
P_0040,C_000146,2022-09-07 09:51:00
P_0040,C_000156,2022-09-07 05:36:00
P_0040,C_000170,2022-09-07 02:39:00
P_0040,C_000208,2022-09-07 08:00:00
P_0040,C_000294,2022-09-08 06:43:00
P_0040,C_000317,2022-09-07 11:27:00
P_0040,C_000407,2022-09-08 14:05:00
P_0040,C_000444,2022-09-07 06:57:00
P_0040,C_000454,2022-09-08 13:53:00
P_0040,C_000465,2022-09-07 23:11:00
P_0041,C_000006,2022-09-01 23:51:00
P_0041,C_000097,2022-09-11 20:40:00
P_0041,C_000228,2022-09-09 07:08:00
P_0041,C_000232,2022-09-08 16:30:00
P_0041,C_000258,2022-09-09 16:35:00
P_0041,C_000293,2022-09-09 17:25:00
P_0041,C_000310,2022-09-08 17:40:00
P_0041,C_000397,2022-09-08 07:32:00
P_0041,C_000522,2022-09-10 18:48:00
P_0041,C_000615,2022-09-08 12:06:00
P_0041,C_000661,2022-09-11 12:09:00
P_0041,C_000677,2022-09-08 15:38:00
P_0041,C_000741,2022-09-11 14:52:00
P_0041,C_001067,2022-09-11 15:07:00
P_0042,C_001596,2022-09-04 12:29:00
P_0042,C_001597,2022-09-04 12:21:00
P_0042,C_001599,2022-09-04 12:09:00
P_0042,C_001600,2022-09-04 12:11:00
P_0042,C_001601,2022-09-04 12:21:00
P_0042,C_001602,2022-09-04 12:02:00
P_0042,C_001603,2022-09-04 12:12:00
P_0042,C_001604,2022-09-04 12:00:00
P_0042,C_001605,2022-09-04 12:27:00
P_0043,C_000119,2022-09-07 18:25:00
P_0043,C_000229,2022-09-06 23:45:00
P_0043,C_000568,2022-09-05 05:33:00
P_0043,C_000908,2022-09-05 07:48:00
P_0043,C_001226,2022-09-06 10:30:00
P_0043,C_001404,2022-09-06 18:39:00
P_0043,C_001414,2022-09-05 15:02:00
P_0043,C_001437,2022-09-04 23:45:00
P_0043,C_001619,2022-09-06 01:31:00
P_0043,C_001648,2022-09-05 10:21:00
P_0043,C_001718,2022-09-08 12:03:00
P_0043,C_002000,2022-09-05 04:15:00
P_0043,C_002044,2022-09-07 14:39:00
P_0044,C_000142,2022-09-04 06:40:00
P_0044,C_000199,2022-09-05 13:58:00
P_0044,C_000301,2022-09-04 16:21:00
P_0044,C_000549,2022-09-03 19:46:00
P_0044,C_000598,2022-09-04 11:16:00
P_0044,C_000774,2022-09-05 08:42:00
P_0044,C_000917,2022-09-02 06:00:00
P_0044,C_001100,2022-09-03 11:03:00
P_0044,C_001156,2022-09-02 01:32:00
P_0044,C_001169,2022-09-04 04:33:00
P_0044,C_001367,2022-09-02 19:09:00
P_0044,C_001407,2022-09-04 13:33:00
P_0044,C_001579,2022-09-03 10:47:00
P_0044,C_001813,2022-09-09 10:54:00
P_0044,C_001853,2022-09-05 11:34:00
P_0044,C_001975,2022-09-02 12:04:00
P_0045,C_000096,2022-09-12 09:42:00
P_0045,C_000153,2022-09-11 14:45:00
P_0045,C_000380,2022-09-11 11:26:00
P_0045,C_000424,2022-09-02 07:41:00
P_0045,C_000432,2022-09-11 14:23:00
P_0045,C_000474,2022-09-12 08:50:00
P_0045,C_000540,2022-09-01 00:15:00
P_0045,C_000600,2022-09-12 12:28:00
P_0045,C_000692,2022-09-11 15:21:00
P_0045,C_001410,2022-09-12 13:17:00
P_0045,C_001565,2022-09-12 02:43:00
P_0045,C_001582,2022-09-12 14:30:00
P_0045,C_001640,2022-09-12 16:26:00
P_0045,C_001684,2022-09-11 22:58:00
P_0045,C_001727,2022-09-12 08:00:00
P_0046,C_000883,2022-09-02 12:16:00
P_0046,C_000885,2022-09-02 01:02:00
P_0046,C_000988,2022-09-02 00:02:00
P_0046,C_000989,2022-09-10 00:20:00
P_0046,C_000990,2022-09-03 00:04:00
P_0046,C_000993,2022-09-07 00:00:00
P_0046,C_001004,2022-09-09 00:23:00
P_0047,C_001860,2022-09-10 09:58:00
P_0047,C_001861,2022-09-10 09:57:00
P_0047,C_001862,2022-09-10 09:50:00
P_0047,C_001863,2022-09-10 09:46:00
P_0047,C_001864,2022-09-10 09:54:00
P_0047,C_001865,2022-09-10 09:30:00
P_0047,C_001866,2022-09-10 09:43:00
P_0047,C_001868,2022-09-10 09:49:00
P_0048,C_002047,2022-09-08 00:25:00
P_0048,C_002049,2022-09-08 00:29:00
P_0048,C_002050,2022-09-08 00:17:00
P_0048,C_002051,2022-09-08 00:21:00
P_0048,C_002053,2022-09-01 00:13:00
P_0048,C_002054,2022-09-08 00:08:00
P_0048,C_002058,2022-09-08 00:24:00
P_0048,C_002059,2022-09-08 00:28:00
P_0048,C_002061,2022-09-08 00:29:00
P_0048,C_002063,2022-09-08 00:25:00
P_0048,C_002065,2022-09-08 00:14:00
P_0049,C_000946,2022-09-06 19:59:00
P_0049,C_000947,2022-09-06 19:30:00
P_0049,C_000948,2022-09-06 19:45:00
P_0049,C_000949,2022-09-06 19:55:00
P_0049,C_000950,2022-09-06 19:53:00
P_0049,C_000951,2022-09-06 19:41:00
P_0049,C_000952,2022-09-06 19:53:00
P_0049,C_000953,2022-09-01 09:20:00
P_0049,C_000954,2022-09-06 19:47:00
P_0050,C_000994,2022-09-10 07:16:00
P_0050,C_000995,2022-09-10 07:21:00
P_0050,C_000996,2022-09-10 07:26:00
P_0050,C_000997,2022-09-10 07:19:00
P_0050,C_000998,2022-09-10 07:08:00
P_0050,C_000999,2022-09-10 07:09:00
P_0050,C_001000,2022-09-10 07:02:00
P_0051,C_000830,2022-09-04 23:05:00
P_0051,C_000831,2022-09-04 23:21:00
P_0051,C_000832,2022-09-04 23:24:00
P_0051,C_000833,2022-09-04 23:20:00
P_0051,C_000836,2022-09-04 23:14:00
P_0051,C_000839,2022-09-01 10:34:00
P_0051,C_000840,2022-09-04 23:21:00
P_0051,C_000841,2022-09-04 23:03:00
P_0051,C_000842,2022-09-04 23:21:00
P_0051,C_000844,2022-09-04 23:20:00
P_0052,C_000717,2022-09-06 19:26:00
P_0052,C_000718,2022-09-06 19:22:00
P_0052,C_000719,2022-09-06 19:24:00
P_0052,C_000720,2022-09-06 19:27:00
P_0052,C_000721,2022-09-06 19:17:00
P_0052,C_000722,2022-09-06 19:13:00
P_0052,C_000723,2022-09-06 19:29:00
P_0052,C_000725,2022-09-06 19:02:00
P_0053,C_000326,2022-09-03 23:34:00
P_0053,C_000327,2022-09-03 23:56:00
P_0053,C_000329,2022-09-03 23:41:00
P_0053,C_000330,2022-09-03 23:34:00
P_0053,C_000332,2022-09-03 23:55:00
P_0053,C_000335,2022-09-03 23:52:00
P_0053,C_000339,2022-09-03 23:32:00
P_0053,C_000343,2022-09-03 23:53:00
P_0054,C_000233,2022-09-02 03:08:00
P_0054,C_000234,2022-09-02 03:24:00
P_0054,C_000235,2022-09-02 03:00:00
P_0054,C_000236,2022-09-02 03:28:00
P_0054,C_000237,2022-09-02 03:19:00
P_0054,C_000238,2022-09-01 00:26:00
P_0054,C_000239,2022-09-02 03:16:00
P_0055,C_000144,2022-09-10 11:58:00
P_0055,C_000145,2022-09-10 11:32:00
P_0055,C_000148,2022-09-01 09:54:00
P_0055,C_000149,2022-09-10 11:36:00
P_0055,C_000150,2022-09-10 11:42:00
P_0055,C_000151,2022-09-10 11:39:00
P_0055,C_000152,2022-09-10 11:55:00
P_0056,C_000038,2022-09-09 01:44:00
P_0056,C_000160,2022-09-09 17:50:00
P_0056,C_000164,2022-09-09 20:29:00
P_0056,C_000196,2022-09-09 07:48:00
P_0056,C_000206,2022-09-02 21:19:00
P_0056,C_000211,2022-09-09 04:19:00
P_0056,C_000255,2022-09-09 20:31:00
P_0056,C_000262,2022-09-09 07:27:00
P_0056,C_000263,2022-09-02 18:50:00
P_0056,C_000340,2022-09-02 14:02:00
P_0056,C_000344,2022-09-09 23:20:00
P_0056,C_000404,2022-09-02 22:52:00
P_0056,C_000414,2022-09-02 01:31:00
P_0056,C_000418,2022-09-09 12:18:00
P_0056,C_000425,2022-09-02 05:29:00
P_0056,C_000429,2022-09-09 18:29:00
P_0056,C_000475,2022-09-09 00:15:00
P_0056,C_000479,2022-09-09 13:07:00
P_0056,C_000508,2022-09-09 12:41:00
P_0056,C_000512,2022-09-02 00:19:00
P_0056,C_000641,2022-09-02 19:43:00
P_0056,C_000694,2022-09-02 05:09:00
P_0056,C_000729,2022-09-02 02:20:00
P_0056,C_000812,2022-09-09 21:05:00
P_0056,C_000822,2022-09-09 08:05:00
P_0056,C_000876,2022-09-09 08:49:00
P_0056,C_000922,2022-09-02 13:23:00
P_0056,C_000925,2022-09-09 22:50:00
P_0056,C_000984,2022-09-02 17:30:00
P_0056,C_001008,2022-09-02 21:59:00
P_0056,C_001048,2022-09-02 10:33:00
P_0056,C_001060,2022-09-02 00:57:00
P_0056,C_001088,2022-09-09 07:40:00
P_0056,C_001149,2022-09-02 03:48:00
P_0056,C_001157,2022-09-02 08:58:00
P_0056,C_001303,2022-09-09 09:20:00
P_0056,C_001331,2022-09-02 21:38:00
P_0056,C_001412,2022-09-09 18:16:00
P_0056,C_001413,2022-09-09 13:03:00
P_0056,C_001464,2022-09-02 10:56:00
P_0056,C_001508,2022-09-02 12:07:00
P_0056,C_001510,2022-09-02 20:10:00
P_0056,C_001546,2022-09-09 08:42:00
P_0056,C_001563,2022-09-09 05:25:00
P_0056,C_001630,2022-09-09 01:46:00
P_0056,C_001682,2022-09-09 15:40:00
P_0056,C_001685,2022-09-02 11:49:00
P_0056,C_001793,2022-09-09 00:42:00
P_0056,C_001833,2022-09-02 07:33:00
P_0056,C_001834,2022-09-02 13:24:00
P_0056,C_001901,2022-09-02 00:58:00
P_0056,C_002038,2022-09-02 01:52:00
P_0056,C_002039,2022-09-09 16:45:00
P_0056,C_002040,2022-09-09 10:56:00
P_0056,C_002045,2022-09-02 10:55:00
P_0056,C_002067,2022-09-02 23:23:00
P_0056,C_002089,2022-09-09 16:44:00
P_0056,C_002091,2022-09-02 15:42:00
P_0056,C_002092,2022-09-02 09:43:00
P_0057,C_000099,2022-09-06 01:43:00
P_0057,C_000133,2022-09-08 02:23:00
P_0057,C_000194,2022-09-01 16:37:00
P_0057,C_000253,2022-09-06 19:34:00
P_0057,C_000834,2022-09-06 19:26:00
P_0057,C_000983,2022-09-05 17:49:00
P_0057,C_000987,2022-09-06 08:54:00
P_0057,C_001158,2022-09-06 06:48:00
P_0057,C_001186,2022-09-06 14:57:00
P_0057,C_001462,2022-09-06 08:22:00
P_0057,C_001803,2022-09-06 20:21:00
P_0058,C_002093,2022-09-05 01:00:00
P_0058,C_002094,2022-09-05 01:16:00
P_0058,C_002095,2022-09-05 01:20:00
P_0058,C_002096,2022-09-05 01:26:00
P_0058,C_002097,2022-09-05 01:29:00
P_0058,C_002098,2022-09-05 01:04:00
P_0058,C_002099,2022-09-05 01:03:00
P_0058,C_002100,2022-09-05 01:18:00
P_0058,C_002101,2022-09-05 01:03:00
P_0059,C_002011,2022-09-10 09:11:00
P_0059,C_002012,2022-09-10 09:22:00
P_0059,C_002013,2022-09-10 09:05:00
P_0059,C_002014,2022-09-10 09:01:00
P_0059,C_002015,2022-09-10 09:20:00
P_0059,C_002016,2022-09-10 09:01:00
P_0059,C_002017,2022-09-10 09:25:00
P_0059,C_002018,2022-09-10 09:01:00
P_0059,C_002019,2022-09-10 09:02:00
P_0060,C_001332,2022-09-03 01:50:00
P_0060,C_001333,2022-09-03 01:45:00
P_0060,C_001334,2022-09-03 01:42:00
P_0060,C_001335,2022-09-03 01:34:00
P_0060,C_001336,2022-09-03 01:47:00
P_0060,C_001338,2022-09-03 01:52:00
P_0060,C_001339,2022-09-01 03:59:00
P_0060,C_001340,2022-09-03 01:30:00
P_0060,C_001341,2022-09-03 01:47:00
P_0061,C_001134,2022-09-10 04:50:00
P_0061,C_001135,2022-09-10 04:33:00
P_0061,C_001136,2022-09-10 04:55:00
P_0061,C_001137,2022-09-10 04:37:00
P_0061,C_001138,2022-09-10 04:52:00
P_0061,C_001139,2022-09-10 04:58:00
P_0061,C_001140,2022-09-10 04:47:00
P_0061,C_001141,2022-09-10 04:51:00
P_0061,C_001142,2022-09-10 04:58:00
P_0061,C_001143,2022-09-10 04:30:00
P_0061,C_001144,2022-09-10 04:34:00
P_0062,C_000423,2022-09-09 10:49:00
P_0062,C_000580,2022-09-10 07:32:00
P_0062,C_000727,2022-09-11 07:45:00
P_0062,C_000816,2022-09-11 08:12:00
P_0062,C_000889,2022-09-11 02:32:00
P_0062,C_000890,2022-09-08 19:02:00
P_0062,C_000909,2022-09-12 11:09:00
P_0062,C_001275,2022-09-12 07:57:00
P_0062,C_001409,2022-09-11 16:21:00
P_0062,C_001488,2022-09-12 14:15:00
P_0062,C_001544,2022-09-10 08:51:00
P_0062,C_001649,2022-09-10 16:15:00
P_0062,C_001688,2022-09-11 15:04:00
P_0062,C_001690,2022-09-11 06:30:00
P_0062,C_001932,2022-09-10 12:21:00
P_0062,C_001966,2022-09-09 10:12:00
P_0063,C_000825,2022-09-14 15:53:00
P_0063,C_001055,2022-09-14 00:29:00
P_0063,C_001175,2022-09-14 13:27:00
P_0063,C_001526,2022-09-12 05:19:00
P_0063,C_001593,2022-09-14 12:28:00
P_0063,C_001821,2022-09-12 15:08:00
P_0063,C_001902,2022-09-12 19:15:00
P_0064,C_000112,2022-09-05 10:08:00
P_0064,C_000128,2022-09-08 14:33:00
P_0064,C_000141,2022-09-04 14:16:00
P_0064,C_000178,2022-09-06 07:08:00
P_0064,C_000189,2022-09-02 22:54:00
P_0064,C_000203,2022-09-02 19:52:00
P_0064,C_000511,2022-09-06 11:48:00
P_0064,C_000715,2022-09-06 22:39:00
P_0064,C_000808,2022-09-05 03:04:00
P_0064,C_000956,2022-09-03 16:07:00
P_0064,C_001030,2022-09-05 08:48:00
P_0064,C_001155,2022-09-03 08:42:00
P_0065,C_000784,2022-09-02 14:40:00
P_0065,C_000785,2022-09-09 05:27:00
P_0065,C_000786,2022-09-09 05:18:00
P_0065,C_000787,2022-09-09 05:03:00
P_0065,C_000788,2022-09-09 18:41:00
P_0065,C_000789,2022-09-09 18:49:00
P_0065,C_000790,2022-09-09 05:21:00
P_0066,C_000184,2022-09-07 22:46:00
P_0066,C_000433,2022-09-05 16:19:00
P_0066,C_000944,2022-09-05 11:25:00
P_0066,C_000978,2022-09-05 19:27:00
P_0066,C_001099,2022-09-05 16:59:00
P_0066,C_001154,2022-09-05 15:41:00
P_0066,C_001269,2022-09-07 19:51:00
P_0066,C_001306,2022-09-06 07:27:00
P_0066,C_001344,2022-09-08 15:22:00
P_0066,C_001499,2022-09-05 17:58:00
P_0066,C_001527,2022-09-05 18:45:00
P_0066,C_001832,2022-09-08 05:34:00
P_0066,C_001848,2022-09-05 06:11:00
P_0066,C_001941,2022-09-07 13:39:00
P_0067,C_000104,2022-09-06 23:55:00
P_0067,C_000588,2022-09-03 06:49:00
P_0067,C_000590,2022-09-03 06:51:00
P_0067,C_000591,2022-09-03 06:52:00
P_0067,C_000592,2022-09-03 06:54:00
P_0067,C_000593,2022-09-03 06:39:00
P_0067,C_000594,2022-09-03 06:40:00
P_0067,C_000595,2022-09-03 06:54:00
P_0067,C_000596,2022-09-03 06:34:00
P_0068,C_001013,2022-09-03 23:07:00
P_0068,C_001014,2022-09-03 23:26:00
P_0068,C_001015,2022-09-03 23:27:00
P_0068,C_001016,2022-09-01 00:02:00
P_0068,C_001017,2022-09-03 23:09:00
P_0068,C_001018,2022-09-03 23:10:00
P_0068,C_001019,2022-09-03 23:04:00
P_0069,C_001480,2022-09-07 23:15:00
P_0069,C_001481,2022-09-07 23:13:00
P_0069,C_001482,2022-09-07 23:20:00
P_0069,C_001483,2022-09-07 23:26:00
P_0069,C_001484,2022-09-07 23:00:00
P_0069,C_001485,2022-09-07 23:29:00
P_0069,C_001487,2022-09-07 23:26:00
P_0069,C_001489,2022-09-07 23:02:00
P_0069,C_001490,2022-09-07 23:21:00
P_0069,C_001491,2022-09-07 23:24:00
P_0070,C_001816,2022-09-04 06:24:00
P_0070,C_001817,2022-09-04 06:16:00
P_0070,C_001818,2022-09-04 06:00:00
P_0070,C_001819,2022-09-04 06:26:00
P_0070,C_001820,2022-09-04 06:12:00
P_0070,C_001822,2022-09-04 06:24:00
P_0070,C_001823,2022-09-04 06:15:00
P_0070,C_001824,2022-09-04 06:26:00
P_0071,C_001256,2022-09-06 10:37:00
P_0071,C_001257,2022-09-06 10:45:00
P_0071,C_001307,2022-09-06 10:30:00
P_0071,C_001308,2022-09-06 10:35:00
P_0071,C_001309,2022-09-06 10:46:00
P_0071,C_001310,2022-09-06 10:35:00
P_0071,C_001311,2022-09-06 10:52:00
P_0071,C_001312,2022-09-06 10:50:00
P_0072,C_000003,2022-09-02 16:47:00
P_0072,C_000010,2022-09-04 14:59:00
P_0072,C_000298,2022-09-09 00:04:00
P_0072,C_000675,2022-09-06 14:20:00
P_0072,C_000709,2022-09-06 08:43:00
P_0072,C_000828,2022-09-04 10:13:00
P_0072,C_000992,2022-09-03 03:58:00
P_0072,C_001087,2022-09-06 16:49:00
P_0072,C_001102,2022-09-06 16:14:00
P_0072,C_001229,2022-09-04 09:27:00
P_0072,C_001249,2022-09-06 18:23:00
P_0072,C_001497,2022-09-03 21:10:00
P_0072,C_001635,2022-09-05 07:06:00
P_0072,C_001792,2022-09-06 05:46:00
P_0072,C_001867,2022-09-05 12:05:00
P_0073,C_002102,2022-09-04 07:25:00
P_0073,C_002103,2022-09-04 07:14:00
P_0073,C_002104,2022-09-04 07:24:00
P_0073,C_002106,2022-09-04 07:24:00
P_0073,C_002107,2022-09-04 07:16:00
P_0073,C_002108,2022-09-04 07:04:00
P_0073,C_002109,2022-09-04 07:14:00
P_0073,C_002110,2022-09-04 07:16:00
P_0074,C_000180,2022-09-14 11:11:00
P_0074,C_000224,2022-09-12 16:32:00
P_0074,C_000558,2022-09-12 15:55:00
P_0074,C_000559,2022-09-12 10:23:00
P_0074,C_000640,2022-09-14 18:28:00
P_0074,C_000945,2022-09-11 18:55:00
P_0074,C_001166,2022-09-12 16:27:00
P_0074,C_001502,2022-09-13 19:31:00
P_0074,C_001507,2022-09-13 11:20:00
P_0074,C_001647,2022-09-14 15:14:00
P_0074,C_001725,2022-09-12 20:45:00
P_0074,C_001763,2022-09-10 18:05:00
P_0074,C_001815,2022-09-14 06:24:00
P_0074,C_002009,2022-09-11 20:33:00
P_0075,C_000032,2022-09-11 12:23:00
P_0075,C_000042,2022-09-10 17:44:00
P_0075,C_000046,2022-09-10 16:36:00
P_0075,C_000051,2022-09-11 10:28:00
P_0075,C_000063,2022-09-11 17:19:00
P_0075,C_000093,2022-09-11 19:33:00
P_0075,C_000125,2022-09-11 23:03:00
P_0075,C_000127,2022-09-12 03:44:00
P_0075,C_000134,2022-09-11 15:51:00
P_0075,C_000154,2022-09-11 21:15:00
P_0075,C_000181,2022-09-11 13:19:00
P_0076,C_000895,2022-09-03 13:09:00
P_0076,C_000896,2022-09-03 13:22:00
P_0076,C_000897,2022-09-03 13:16:00
P_0076,C_000899,2022-09-03 13:09:00
P_0076,C_000900,2022-09-03 13:29:00
P_0076,C_000901,2022-09-03 13:28:00
P_0076,C_000902,2022-09-03 13:29:00
P_0077,C_000573,2022-09-06 05:52:00
P_0077,C_000891,2022-09-05 14:22:00
P_0077,C_000918,2022-09-05 17:48:00
P_0077,C_000965,2022-09-06 13:20:00
P_0077,C_001133,2022-09-05 18:07:00
P_0077,C_001203,2022-09-07 14:39:00
P_0077,C_001494,2022-09-06 07:41:00
P_0077,C_001556,2022-09-05 23:59:00
P_0077,C_001687,2022-09-08 10:11:00
P_0077,C_001710,2022-09-04 10:24:00
P_0077,C_001770,2022-09-05 01:56:00
P_0077,C_002007,2022-09-07 10:04:00
P_0078,C_002113,2022-09-09 08:14:00
P_0078,C_002114,2022-09-09 08:17:00
P_0078,C_002115,2022-09-09 08:21:00
P_0078,C_002116,2022-09-09 08:28:00
P_0078,C_002117,2022-09-09 08:20:00
P_0078,C_002118,2022-09-09 08:02:00
P_0078,C_002119,2022-09-09 08:14:00
P_0078,C_002120,2022-09-09 08:10:00
P_0078,C_002121,2022-09-09 08:21:00
P_0079,C_001621,2022-09-01 09:18:00
P_0079,C_001622,2022-09-01 09:18:00
P_0079,C_001623,2022-09-01 09:11:00
P_0079,C_001624,2022-09-01 09:14:00
P_0079,C_001625,2022-09-01 09:14:00
P_0079,C_001626,2022-09-01 09:08:00
P_0079,C_001627,2022-09-01 09:02:00
P_0079,C_001628,2022-09-01 09:03:00
P_0080,C_001532,2022-09-04 15:39:00
P_0080,C_001535,2022-09-04 15:48:00
P_0080,C_001536,2022-09-04 15:57:00
P_0080,C_001537,2022-09-04 15:31:00
P_0080,C_001538,2022-09-04 15:48:00
P_0080,C_001539,2022-09-04 15:44:00
P_0080,C_001540,2022-09-04 15:52:00
P_0080,C_001541,2022-09-04 15:33:00
P_0080,C_001542,2022-09-04 15:42:00
P_0080,C_001543,2022-09-04 15:57:00
P_0081,C_001514,2022-09-10 21:13:00
P_0081,C_001515,2022-09-10 21:17:00
P_0081,C_001516,2022-09-10 21:05:00
P_0081,C_001517,2022-09-10 21:00:00
P_0081,C_001518,2022-09-10 21:03:00
P_0081,C_001519,2022-09-10 21:25:00
P_0081,C_001520,2022-09-10 21:15:00
P_0081,C_001521,2022-09-10 21:25:00
P_0082,C_000029,2022-09-09 18:59:00
P_0082,C_000058,2022-09-09 14:25:00
P_0082,C_000084,2022-09-10 02:05:00
P_0082,C_000098,2022-09-08 18:59:00
P_0082,C_000108,2022-09-06 12:40:00
P_0082,C_000117,2022-09-08 07:22:00
P_0082,C_000124,2022-09-06 10:50:00
P_0082,C_000129,2022-09-08 00:47:00
P_0082,C_000143,2022-09-08 08:39:00
P_0082,C_000155,2022-09-08 16:41:00
P_0082,C_000161,2022-09-07 11:39:00
P_0082,C_000163,2022-09-06 02:29:00
P_0082,C_000173,2022-09-08 17:12:00
P_0082,C_000177,2022-09-07 12:34:00
P_0082,C_000179,2022-09-10 00:52:00
P_0083,C_000202,2022-09-09 16:28:00
P_0083,C_000267,2022-09-10 09:45:00
P_0083,C_000312,2022-09-08 12:40:00
P_0083,C_000434,2022-09-10 05:37:00
P_0083,C_000464,2022-09-09 11:13:00
P_0083,C_001083,2022-09-09 15:58:00
P_0083,C_001165,2022-09-09 18:14:00
P_0083,C_001211,2022-09-08 11:06:00
P_0083,C_001251,2022-09-10 10:20:00
P_0083,C_001347,2022-09-10 07:57:00
P_0083,C_001506,2022-09-09 19:45:00
P_0083,C_001652,2022-09-08 08:44:00
P_0083,C_001851,2022-09-01 00:01:00
P_0083,C_002042,2022-09-10 12:19:00
P_0084,C_001916,2022-09-12 06:40:00
P_0084,C_001919,2022-09-10 11:00:00
P_0084,C_001944,2022-09-12 14:24:00
P_0084,C_001967,2022-09-10 18:56:00
P_0084,C_001971,2022-09-09 01:01:00
P_0084,C_001985,2022-09-13 10:08:00
P_0084,C_001987,2022-09-10 15:43:00
P_0084,C_002003,2022-09-12 15:05:00
P_0084,C_002006,2022-09-11 17:32:00
P_0084,C_002070,2022-09-11 19:30:00
P_0084,C_002072,2022-09-10 05:55:00
P_0084,C_002074,2022-09-13 12:50:00
P_0084,C_002076,2022-09-13 06:14:00
P_0085,C_000637,2022-09-07 11:22:00
P_0085,C_000638,2022-09-07 11:21:00
P_0085,C_000639,2022-09-07 11:00:00
P_0085,C_000642,2022-09-07 11:04:00
P_0085,C_000643,2022-09-07 11:22:00
P_0085,C_000644,2022-09-07 11:11:00
P_0085,C_000645,2022-09-07 11:11:00
P_0085,C_000654,2022-09-07 11:07:00
P_0086,C_000395,2022-09-05 19:28:00
P_0086,C_000503,2022-09-06 11:45:00
P_0086,C_000943,2022-09-04 18:46:00
P_0086,C_001272,2022-09-06 09:30:00
P_0086,C_001352,2022-09-05 06:41:00
P_0086,C_001465,2022-09-04 17:22:00
P_0086,C_001826,2022-09-06 11:27:00
P_0087,C_000410,2022-09-06 00:23:00
P_0087,C_000411,2022-09-06 00:06:00
P_0087,C_000413,2022-09-06 00:11:00
P_0087,C_000415,2022-09-06 00:16:00
P_0087,C_000416,2022-09-06 00:09:00
P_0087,C_000417,2022-09-06 00:28:00
P_0087,C_000419,2022-09-01 07:04:00
P_0087,C_000420,2022-09-06 00:19:00
P_0087,C_000421,2022-09-06 00:18:00
P_0087,C_000422,2022-09-06 00:20:00
P_0088,C_000111,2022-09-10 16:38:00
P_0088,C_000222,2022-09-09 10:09:00
P_0088,C_000351,2022-09-09 13:28:00
P_0088,C_000401,2022-09-12 16:11:00
P_0088,C_000514,2022-09-12 19:12:00
P_0088,C_000738,2022-09-10 13:27:00
P_0088,C_000781,2022-09-10 16:08:00
P_0088,C_000894,2022-09-11 18:14:00
P_0088,C_001042,2022-09-11 18:54:00
P_0088,C_001117,2022-09-10 08:10:00
P_0088,C_001478,2022-09-12 09:24:00
P_0088,C_001662,2022-09-12 12:14:00
P_0088,C_001797,2022-09-11 09:57:00
P_0089,C_001348,2022-09-09 09:33:00
P_0089,C_001349,2022-09-09 09:39:00
P_0089,C_001350,2022-09-09 09:45:00
P_0089,C_001351,2022-09-09 09:58:00
P_0089,C_001353,2022-09-09 09:33:00
P_0089,C_001354,2022-09-09 09:49:00
P_0089,C_001356,2022-09-09 09:40:00
P_0090,C_000072,2022-09-10 01:43:00
P_0090,C_000446,2022-09-10 11:46:00
P_0090,C_000563,2022-09-02 18:41:00
P_0090,C_001057,2022-09-09 00:49:00
P_0090,C_001170,2022-09-10 15:43:00
P_0090,C_001586,2022-09-09 14:59:00
P_0090,C_001598,2022-09-09 13:08:00
P_0090,C_001608,2022-09-09 08:39:00
P_0090,C_001998,2022-09-10 07:23:00
P_0091,C_000605,2022-09-06 18:53:00
P_0091,C_000681,2022-09-06 18:51:00
P_0091,C_000682,2022-09-06 18:44:00
P_0091,C_000683,2022-09-06 18:30:00
P_0091,C_000684,2022-09-06 18:47:00
P_0091,C_000685,2022-09-06 18:55:00
P_0091,C_000686,2022-09-06 18:51:00
P_0092,C_000186,2022-09-04 21:37:00
P_0092,C_000254,2022-09-03 14:26:00
P_0092,C_000385,2022-09-02 18:37:00
P_0092,C_000564,2022-09-02 07:13:00
P_0092,C_000589,2022-09-03 11:37:00
P_0092,C_000636,2022-09-02 16:57:00
P_0092,C_000913,2022-09-04 08:09:00
P_0092,C_000959,2022-09-01 08:40:00
P_0092,C_000960,2022-09-01 18:40:00
P_0092,C_001160,2022-09-03 05:33:00
P_0092,C_001247,2022-09-04 05:33:00
P_0092,C_001304,2022-09-01 19:20:00
P_0092,C_001329,2022-09-01 06:38:00
P_0092,C_001405,2022-09-01 09:31:00
P_0092,C_001523,2022-09-03 13:17:00
P_0092,C_001706,2022-09-05 07:23:00
P_0092,C_001806,2022-09-03 11:28:00
P_0093,C_001448,2022-09-02 05:52:00
P_0093,C_001449,2022-09-02 05:43:00
P_0093,C_001450,2022-09-02 05:34:00
P_0093,C_001451,2022-09-02 05:41:00
P_0093,C_001452,2022-09-02 05:56:00
P_0093,C_001453,2022-09-02 05:48:00
P_0093,C_001454,2022-09-01 04:04:00
P_0093,C_001455,2022-09-02 05:47:00
P_0094,C_000608,2022-09-03 12:32:00
P_0094,C_000609,2022-09-03 12:32:00
P_0094,C_000610,2022-09-03 12:38:00
P_0094,C_000611,2022-09-03 12:42:00
P_0094,C_000612,2022-09-03 12:47:00
P_0094,C_000613,2022-09-01 00:11:00
P_0094,C_000614,2022-09-03 12:57:00
P_0095,C_000646,2022-09-07 15:41:00
P_0095,C_000647,2022-09-07 15:33:00
P_0095,C_000648,2022-09-07 15:33:00
P_0095,C_000649,2022-09-02 06:17:00
P_0095,C_000650,2022-09-07 15:47:00
P_0095,C_000651,2022-09-07 15:59:00
P_0095,C_000652,2022-09-07 15:42:00
P_0095,C_000653,2022-09-07 15:52:00
P_0096,C_000347,2022-09-03 11:32:00
P_0096,C_000348,2022-09-03 11:56:00
P_0096,C_000349,2022-09-03 11:46:00
P_0096,C_000350,2022-09-03 11:47:00
P_0096,C_000376,2022-09-03 11:53:00
P_0096,C_000377,2022-09-03 11:59:00
P_0096,C_000378,2022-09-01 14:00:00
P_0096,C_000379,2022-09-03 11:58:00
P_0097,C_001779,2022-09-05 23:58:00
P_0097,C_001780,2022-09-05 23:58:00
P_0097,C_001781,2022-09-05 23:31:00
P_0097,C_001782,2022-09-05 23:46:00
P_0097,C_001783,2022-09-05 23:30:00
P_0097,C_001784,2022-09-05 23:34:00
P_0097,C_001785,2022-09-05 23:41:00
P_0097,C_001786,2022-09-05 23:46:00
P_0097,C_001787,2022-09-05 23:53:00
P_0097,C_001788,2022-09-05 23:31:00
P_0097,C_001789,2022-09-01 00:00:00
P_0098,C_000314,2022-09-01 13:55:00
P_0098,C_000315,2022-09-01 13:41:00
P_0098,C_000316,2022-09-01 13:58:00
P_0098,C_000318,2022-09-01 13:47:00
P_0098,C_000319,2022-09-01 13:44:00
P_0098,C_000320,2022-09-01 13:46:00
P_0098,C_000321,2022-09-01 13:44:00
P_0098,C_000322,2022-09-01 13:33:00
P_0098,C_000323,2022-09-01 13:54:00
P_0098,C_000324,2022-09-01 13:56:00
P_0098,C_000325,2022-09-01 13:51:00
P_0099,C_000556,2022-09-09 21:09:00
P_0099,C_000571,2022-09-09 12:16:00
P_0099,C_001043,2022-09-09 02:10:00
P_0099,C_001066,2022-09-09 01:14:00
P_0099,C_001278,2022-09-02 11:58:00
P_0099,C_001411,2022-09-09 20:57:00
P_0099,C_001666,2022-09-02 04:26:00
P_0099,C_002028,2022-09-09 16:05:00
P_0100,C_000013,2022-09-05 02:05:00
P_0100,C_000018,2022-09-09 09:44:00
P_0100,C_000021,2022-09-10 10:40:00
P_0100,C_001912,2022-09-11 15:55:00
P_0100,C_001925,2022-09-15 23:38:00
P_0100,C_001943,2022-09-04 16:01:00
P_0100,C_001960,2022-09-07 22:01:00
P_0100,C_001968,2022-09-13 11:38:00
P_0100,C_002001,2022-09-09 19:06:00
P_0101,C_001103,2022-09-04 18:59:00
P_0101,C_001104,2022-09-04 18:54:00
P_0101,C_001105,2022-09-04 18:50:00
P_0101,C_001106,2022-09-04 18:40:00
P_0101,C_001107,2022-09-04 18:34:00
P_0101,C_001108,2022-09-04 18:51:00
P_0101,C_001109,2022-09-04 18:47:00
P_0101,C_001110,2022-09-04 18:59:00
P_0101,C_001111,2022-09-04 18:59:00
P_0102,C_001392,2022-09-02 15:26:00
P_0102,C_001393,2022-09-02 15:07:00
P_0102,C_001394,2022-09-02 15:11:00
P_0102,C_001395,2022-09-02 15:14:00
P_0102,C_001396,2022-09-02 15:17:00
P_0102,C_001397,2022-09-02 15:22:00
P_0102,C_001398,2022-09-02 15:17:00
P_0102,C_001399,2022-09-02 15:25:00
P_0103,C_000426,2022-09-04 09:43:00
P_0103,C_000427,2022-09-04 09:32:00
P_0103,C_000697,2022-09-04 09:47:00
P_0103,C_000698,2022-09-04 09:43:00
P_0103,C_000699,2022-09-04 09:42:00
P_0103,C_000700,2022-09-04 09:34:00
P_0103,C_000701,2022-09-04 09:33:00
P_0104,C_000279,2022-09-10 16:47:00
P_0104,C_000567,2022-09-13 13:10:00
P_0104,C_000848,2022-09-13 12:10:00
P_0104,C_000986,2022-09-13 19:05:00
P_0104,C_001064,2022-09-12 13:37:00
P_0104,C_001132,2022-09-12 06:31:00
P_0104,C_001168,2022-09-11 11:46:00
P_0104,C_001190,2022-09-10 12:33:00
P_0104,C_001578,2022-09-10 11:46:00
P_0104,C_001674,2022-09-11 17:56:00
P_0104,C_001676,2022-09-12 03:54:00
P_0104,C_001831,2022-09-13 14:33:00
P_0104,C_001922,2022-09-13 15:10:00
P_0105,C_000280,2022-09-03 06:11:00
P_0105,C_000281,2022-09-03 06:28:00
P_0105,C_000282,2022-09-03 06:12:00
P_0105,C_000283,2022-09-03 06:01:00
P_0105,C_000284,2022-09-03 06:16:00
P_0105,C_000285,2022-09-03 06:29:00
P_0105,C_000286,2022-09-03 06:13:00
P_0106,C_000165,2022-09-01 05:15:00
P_0106,C_000193,2022-09-07 12:09:00
P_0106,C_000205,2022-09-10 12:28:00
P_0106,C_000513,2022-09-09 11:12:00
P_0106,C_000560,2022-09-10 09:52:00
P_0106,C_000778,2022-09-06 17:35:00
P_0106,C_000886,2022-09-08 18:54:00
P_0106,C_001328,2022-09-09 21:08:00
P_0106,C_001439,2022-09-08 03:04:00
P_0106,C_001504,2022-09-09 12:36:00
P_0106,C_001529,2022-09-10 16:47:00
P_0106,C_001577,2022-09-07 14:28:00
P_0106,C_001592,2022-09-07 16:22:00
P_0106,C_001638,2022-09-08 12:52:00
P_0106,C_001705,2022-09-08 00:28:00
P_0106,C_001708,2022-09-10 10:46:00
P_0107,C_001610,2022-09-07 06:08:00
P_0107,C_001611,2022-09-07 06:14:00
P_0107,C_001612,2022-09-07 06:06:00
P_0107,C_001613,2022-09-07 06:29:00
P_0107,C_001614,2022-09-07 06:02:00
P_0107,C_001615,2022-09-07 06:13:00
P_0107,C_001616,2022-09-07 06:19:00
P_0107,C_001617,2022-09-07 06:01:00
P_0107,C_001618,2022-09-07 06:10:00
P_0107,C_001620,2022-09-07 06:00:00
P_0108,C_000353,2022-09-07 06:40:00
P_0108,C_000355,2022-09-07 06:55:00
P_0108,C_000359,2022-09-07 06:36:00
P_0108,C_000361,2022-09-07 06:37:00
P_0108,C_000364,2022-09-07 06:52:00
P_0108,C_000368,2022-09-07 06:31:00
P_0108,C_000374,2022-09-07 06:32:00
P_0109,C_001031,2022-09-08 01:05:00
P_0109,C_001032,2022-09-08 01:29:00
P_0109,C_001033,2022-09-08 01:10:00
P_0109,C_001034,2022-09-08 01:17:00
P_0109,C_001035,2022-09-08 01:20:00
P_0109,C_001036,2022-09-08 01:13:00
P_0109,C_001037,2022-09-08 01:27:00
P_0109,C_001038,2022-09-08 01:14:00
P_0110,C_000056,2022-09-04 17:03:00
P_0110,C_000226,2022-09-07 07:38:00
P_0110,C_000241,2022-09-06 13:26:00
P_0110,C_000346,2022-09-02 23:18:00
P_0110,C_000442,2022-09-06 14:06:00
P_0110,C_000696,2022-09-05 11:20:00
P_0110,C_000752,2022-09-06 12:20:00
P_0110,C_000914,2022-09-05 15:30:00
P_0110,C_000958,2022-09-03 11:32:00
P_0110,C_001050,2022-09-03 00:57:00
P_0110,C_001246,2022-09-04 18:24:00
P_0110,C_001408,2022-09-05 13:10:00
P_0110,C_001501,2022-09-05 23:55:00
P_0110,C_001632,2022-09-05 18:44:00
P_0110,C_001686,2022-09-06 02:28:00
P_0111,C_000665,2022-09-09 04:23:00
P_0111,C_000667,2022-09-09 04:17:00
P_0111,C_000668,2022-09-09 04:01:00
P_0111,C_000669,2022-09-09 04:11:00
P_0111,C_000670,2022-09-09 04:09:00
P_0111,C_000671,2022-09-09 04:14:00
P_0111,C_000672,2022-09-09 04:28:00
P_0112,C_001664,2022-09-04 15:00:00
P_0112,C_001665,2022-09-04 15:23:00
P_0112,C_001668,2022-09-04 15:17:00
P_0112,C_001669,2022-09-04 15:22:00
P_0112,C_001670,2022-09-04 15:04:00
P_0112,C_001671,2022-09-04 15:29:00
P_0112,C_001672,2022-09-04 15:11:00
P_0112,C_001673,2022-09-04 15:19:00
P_0113,C_001370,2022-09-10 11:50:00
P_0113,C_001371,2022-09-10 11:45:00
P_0113,C_001373,2022-09-10 11:59:00
P_0113,C_001374,2022-09-10 11:43:00
P_0113,C_001375,2022-09-01 20:51:00
P_0113,C_001376,2022-09-10 11:52:00
P_0113,C_001377,2022-09-10 11:39:00
P_0114,C_000001,2022-09-02 10:37:00
P_0114,C_000033,2022-09-09 17:13:00
P_0114,C_000122,2022-09-09 11:43:00
P_0114,C_000428,2022-09-13 09:05:00
P_0114,C_000476,2022-09-12 14:35:00
P_0114,C_000557,2022-09-09 13:47:00
P_0114,C_000837,2022-09-11 13:08:00
P_0114,C_000884,2022-09-10 11:02:00
P_0114,C_001003,2022-09-10 23:52:00
P_0114,C_001024,2022-09-15 13:53:00
P_0114,C_001101,2022-09-13 10:05:00
P_0114,C_001261,2022-09-11 11:27:00
P_0114,C_001692,2022-09-12 18:21:00
P_0114,C_001908,2022-09-11 14:35:00
P_0115,C_000478,2022-09-06 13:40:00
P_0115,C_001116,2022-09-01 10:25:00
P_0115,C_001118,2022-09-01 10:29:00
P_0115,C_001119,2022-09-01 10:12:00
P_0115,C_001120,2022-09-01 10:28:00
P_0115,C_001121,2022-09-01 10:03:00
P_0115,C_001122,2022-09-01 10:24:00
P_0115,C_001123,2022-09-01 10:24:00
P_0116,C_001237,2022-09-02 07:19:00
P_0116,C_001243,2022-09-09 16:27:00
P_0116,C_001255,2022-09-02 22:19:00
P_0116,C_001279,2022-09-09 08:18:00
P_0116,C_001305,2022-09-09 01:11:00
P_0116,C_001324,2022-09-02 02:36:00
P_0116,C_001343,2022-09-02 06:18:00
P_0117,C_000268,2022-09-07 07:10:00
P_0117,C_000400,2022-09-07 02:52:00
P_0117,C_000542,2022-09-07 08:26:00
P_0117,C_000581,2022-09-06 13:18:00
P_0117,C_000737,2022-09-07 00:58:00
P_0117,C_000991,2022-09-07 11:52:00
P_0117,C_001063,2022-09-06 19:44:00
P_0117,C_001280,2022-09-06 23:27:00
P_0117,C_001585,2022-09-07 17:08:00
P_0117,C_001680,2022-09-09 03:25:00
P_0117,C_001805,2022-09-07 16:47:00
P_0117,C_001809,2022-09-06 11:43:00
P_0117,C_001921,2022-09-06 14:43:00
P_0117,C_002008,2022-09-08 08:15:00
P_0118,C_000754,2022-09-01 10:48:00
P_0118,C_000755,2022-09-01 10:50:00
P_0118,C_000756,2022-09-01 10:30:00
P_0118,C_000758,2022-09-01 10:54:00
P_0118,C_000759,2022-09-01 10:46:00
P_0118,C_000760,2022-09-01 10:50:00
P_0118,C_000761,2022-09-01 10:54:00
P_0118,C_000762,2022-09-01 10:38:00
P_0119,C_001696,2022-09-03 19:01:00
P_0119,C_001697,2022-09-01 00:02:00
P_0119,C_001698,2022-09-04 23:14:00
P_0119,C_001699,2022-09-03 19:19:00
P_0119,C_001700,2022-09-04 23:02:00
P_0119,C_001701,2022-09-04 23:14:00
P_0119,C_001702,2022-09-03 19:21:00
P_0119,C_001703,2022-09-04 23:07:00
P_0120,C_000565,2022-09-10 18:52:00
P_0120,C_000733,2022-09-10 12:39:00
P_0120,C_000903,2022-09-12 09:18:00
P_0120,C_000905,2022-09-10 16:16:00
P_0120,C_000919,2022-09-10 15:08:00
P_0120,C_001023,2022-09-05 00:08:00
P_0120,C_001443,2022-09-08 18:56:00
P_0120,C_001461,2022-09-08 11:27:00
P_0120,C_001709,2022-09-10 11:38:00
P_0120,C_001835,2022-09-11 09:50:00
P_0120,C_001836,2022-09-11 10:22:00
P_0121,C_002081,2022-09-08 17:36:00
P_0121,C_002082,2022-09-08 17:49:00
P_0121,C_002083,2022-09-08 17:38:00
P_0121,C_002084,2022-09-08 17:46:00
P_0121,C_002085,2022-09-08 17:50:00
P_0121,C_002086,2022-09-08 17:53:00
P_0121,C_002087,2022-09-08 17:35:00
P_0121,C_002088,2022-09-08 17:41:00
P_0122,C_000526,2022-09-08 02:57:00
P_0122,C_000527,2022-09-08 02:59:00
P_0122,C_000528,2022-09-08 02:33:00
P_0122,C_000529,2022-09-08 02:35:00
P_0122,C_000530,2022-09-08 02:47:00
P_0122,C_000539,2022-09-08 02:46:00
P_0122,C_000543,2022-09-08 02:40:00
P_0123,C_000935,2022-09-10 06:33:00
P_0123,C_000936,2022-09-10 06:45:00
P_0123,C_000937,2022-09-10 06:56:00
P_0123,C_000939,2022-09-10 06:38:00
P_0123,C_000940,2022-09-10 06:49:00
P_0123,C_000941,2022-09-10 06:33:00
P_0123,C_000942,2022-09-10 06:53:00
P_0124,C_000352,2022-09-01 08:07:00
P_0124,C_000357,2022-09-01 08:21:00
P_0124,C_000358,2022-09-01 08:03:00
P_0124,C_000360,2022-09-01 08:19:00
P_0124,C_000362,2022-09-01 08:23:00
P_0124,C_000365,2022-09-01 08:10:00
P_0124,C_000366,2022-09-01 08:24:00
P_0124,C_000369,2022-09-01 08:09:00
P_0124,C_000373,2022-09-01 08:25:00
P_0125,C_001427,2022-09-10 08:12:00
P_0125,C_001428,2022-09-10 08:18:00
P_0125,C_001429,2022-09-10 08:27:00
P_0125,C_001430,2022-09-10 08:29:00
P_0125,C_001431,2022-09-10 08:04:00
P_0125,C_001432,2022-09-10 08:19:00
P_0125,C_001433,2022-09-10 08:25:00
P_0125,C_001434,2022-09-10 08:02:00
P_0125,C_001435,2022-09-10 08:19:00
P_0126,C_000008,2022-09-12 04:26:00
P_0126,C_000023,2022-09-12 16:21:00
P_0126,C_000027,2022-09-01 10:04:00
P_0126,C_000028,2022-09-09 11:24:00
P_0126,C_000039,2022-09-10 17:36:00
P_0126,C_000041,2022-09-09 12:24:00
P_0126,C_000043,2022-09-13 05:33:00
P_0126,C_000044,2022-09-12 12:45:00
P_0126,C_000047,2022-09-09 12:41:00
P_0126,C_000052,2022-09-12 16:44:00
P_0126,C_000053,2022-09-11 04:37:00
P_0126,C_000055,2022-09-12 07:47:00
P_0126,C_000094,2022-09-12 12:09:00
P_0126,C_000115,2022-09-10 11:07:00
P_0127,C_000005,2022-09-04 09:59:00
P_0127,C_000007,2022-09-01 12:19:00
P_0127,C_000024,2022-09-01 08:21:00
P_0127,C_000025,2022-09-02 14:13:00
P_0127,C_000030,2022-09-02 12:55:00
P_0127,C_000031,2022-09-02 01:56:00
P_0127,C_000036,2022-09-02 19:33:00
P_0127,C_000045,2022-09-04 14:46:00
P_0127,C_000048,2022-09-04 17:08:00
P_0127,C_000050,2022-09-01 11:34:00
P_0127,C_000054,2022-09-02 04:06:00
P_0127,C_000182,2022-09-03 14:57:00
P_0128,C_001357,2022-09-08 10:47:00
P_0128,C_001358,2022-09-08 10:55:00
P_0128,C_001359,2022-09-08 10:54:00
P_0128,C_001360,2022-09-08 10:47:00
P_0128,C_001361,2022-09-08 10:37:00
P_0128,C_001362,2022-09-08 10:44:00
P_0128,C_001363,2022-09-08 10:43:00
P_0128,C_001364,2022-09-08 10:44:00
P_0128,C_001365,2022-09-01 00:29:00
P_0129,C_000292,2022-09-04 05:43:00
P_0129,C_000469,2022-09-09 08:30:00
P_0129,C_000487,2022-09-05 12:59:00
P_0129,C_000519,2022-09-03 17:39:00
P_0129,C_000679,2022-09-03 00:09:00
P_0129,C_000726,2022-09-02 03:26:00
P_0129,C_000898,2022-09-03 14:51:00
P_0129,C_000921,2022-09-02 12:15:00
P_0129,C_001001,2022-09-08 16:53:00
P_0129,C_001009,2022-09-02 06:43:00
P_0129,C_001163,2022-09-04 10:11:00
P_0129,C_001210,2022-09-05 15:46:00
P_0129,C_001390,2022-09-05 08:31:00
P_0129,C_001660,2022-09-03 08:52:00
P_0129,C_001890,2022-09-05 19:55:00
P_0130,C_000067,2022-09-09 18:03:00
P_0130,C_000068,2022-09-09 18:10:00
P_0130,C_000070,2022-09-09 18:07:00
P_0130,C_000075,2022-09-09 18:23:00
P_0130,C_000077,2022-09-09 18:20:00
P_0130,C_000079,2022-09-09 18:18:00
P_0130,C_000080,2022-09-09 18:09:00
P_0130,C_000081,2022-09-09 18:09:00
P_0130,C_000085,2022-09-09 18:05:00
P_0130,C_000086,2022-09-09 18:24:00
P_0130,C_000087,2022-09-09 18:04:00
P_0130,C_000089,2022-09-09 18:21:00
P_0130,C_000091,2022-09-09 18:06:00
P_0131,C_000020,2022-09-08 14:51:00
P_0131,C_001244,2022-09-04 20:01:00
P_0131,C_001345,2022-09-07 18:02:00
P_0131,C_001905,2022-09-11 14:02:00
P_0131,C_001911,2022-09-08 15:37:00
P_0131,C_001924,2022-09-15 13:24:00
P_0131,C_001959,2022-09-07 08:16:00
P_0132,C_001754,2022-09-05 08:17:00
P_0132,C_001755,2022-09-05 08:23:00
P_0132,C_001756,2022-09-05 08:09:00
P_0132,C_001757,2022-09-05 08:09:00
P_0132,C_001758,2022-09-05 08:06:00
P_0132,C_001759,2022-09-05 08:23:00
P_0132,C_001760,2022-09-05 08:06:00
P_0132,C_001762,2022-09-05 08:08:00
P_0133,C_001468,2022-09-10 05:10:00
P_0133,C_001469,2022-09-10 05:11:00
P_0133,C_001471,2022-09-10 05:00:00
P_0133,C_001472,2022-09-10 05:26:00
P_0133,C_001473,2022-09-10 05:12:00
P_0133,C_001474,2022-09-10 05:23:00
P_0133,C_001475,2022-09-10 05:02:00
P_0133,C_001476,2022-09-10 05:09:00
P_0133,C_001695,2022-09-05 22:55:00
P_0134,C_000002,2022-09-09 11:33:00
P_0134,C_000139,2022-09-06 07:24:00
P_0134,C_000243,2022-09-08 06:58:00
P_0134,C_000277,2022-09-06 12:30:00
P_0134,C_000375,2022-09-09 16:38:00
P_0134,C_000541,2022-09-06 08:52:00
P_0134,C_000569,2022-09-07 16:15:00
P_0134,C_000570,2022-09-10 05:55:00
P_0134,C_001061,2022-09-10 01:32:00
P_0134,C_001078,2022-09-08 13:55:00
P_0134,C_001084,2022-09-09 04:38:00
P_0134,C_001533,2022-09-08 16:49:00
P_0135,C_000034,2022-09-13 15:10:00
P_0135,C_000584,2022-09-12 23:51:00
P_0135,C_000626,2022-09-13 21:42:00
P_0135,C_000811,2022-09-12 17:06:00
P_0135,C_000826,2022-09-13 17:13:00
P_0135,C_000872,2022-09-13 11:01:00
P_0135,C_000888,2022-09-13 18:31:00
P_0135,C_000892,2022-09-13 03:00:00
P_0135,C_001011,2022-09-13 12:39:00
P_0135,C_001248,2022-09-12 19:37:00
P_0135,C_001259,2022-09-13 14:23:00
P_0135,C_001268,2022-09-12 21:50:00
P_0135,C_001326,2022-09-12 11:51:00
P_0135,C_001460,2022-09-12 07:57:00
P_0135,C_001496,2022-09-13 06:13:00
P_0135,C_001512,2022-09-12 10:54:00
P_0136,C_000743,2022-09-07 21:41:00
P_0136,C_000744,2022-09-07 21:31:00
P_0136,C_000745,2022-09-07 21:41:00
P_0136,C_000746,2022-09-07 21:36:00
P_0136,C_000747,2022-09-07 21:49:00
P_0136,C_000748,2022-09-07 21:31:00
P_0136,C_000749,2022-09-07 21:47:00
P_0136,C_000750,2022-09-07 21:58:00
P_0137,C_000246,2022-09-09 10:48:00
P_0137,C_000247,2022-09-09 10:47:00
P_0137,C_000248,2022-09-09 10:35:00
P_0137,C_000249,2022-09-09 10:39:00
P_0137,C_000250,2022-09-09 10:39:00
P_0137,C_000251,2022-09-09 10:54:00
P_0137,C_000252,2022-09-09 10:37:00
P_0138,C_000225,2022-09-11 19:19:00
P_0138,C_000520,2022-09-12 04:40:00
P_0138,C_000673,2022-09-10 09:53:00
P_0138,C_000674,2022-09-11 12:04:00
P_0138,C_000911,2022-09-11 00:50:00
P_0138,C_000924,2022-09-09 20:33:00
P_0138,C_001070,2022-09-12 13:00:00
P_0138,C_001085,2022-09-11 22:44:00
P_0138,C_001525,2022-09-10 04:48:00
P_0138,C_001530,2022-09-12 14:01:00
P_0138,C_001658,2022-09-11 13:49:00
P_0138,C_001799,2022-09-13 05:30:00
P_0138,C_001808,2022-09-10 08:37:00
P_0138,C_001825,2022-09-13 07:35:00
P_0138,C_001891,2022-09-12 09:17:00
P_0139,C_001258,2022-09-02 15:38:00
P_0139,C_001260,2022-09-02 15:58:00
P_0139,C_001262,2022-09-02 15:41:00
P_0139,C_001263,2022-09-02 15:37:00
P_0139,C_001264,2022-09-02 15:33:00
P_0139,C_001265,2022-09-02 15:55:00
P_0139,C_001266,2022-09-01 21:40:00
P_0140,C_001795,2022-09-02 14:20:00
P_0140,C_001801,2022-09-09 23:37:00
P_0140,C_001810,2022-09-09 06:07:00
P_0140,C_001812,2022-09-02 05:43:00
P_0140,C_001829,2022-09-09 21:23:00
P_0140,C_001854,2022-09-02 23:06:00
P_0140,C_001856,2022-09-09 06:14:00
P_0140,C_001892,2022-09-09 20:51:00
P_0141,C_000026,2022-09-07 08:08:00
P_0141,C_000040,2022-09-08 14:24:00
P_0141,C_000109,2022-09-09 21:54:00
P_0141,C_000185,2022-09-11 01:01:00
P_0141,C_000227,2022-09-09 08:47:00
P_0141,C_000276,2022-09-07 15:30:00
P_0141,C_000297,2022-09-09 17:38:00
P_0141,C_000309,2022-09-10 12:25:00
P_0141,C_000408,2022-09-09 19:53:00
P_0142,C_002122,2022-09-01 17:18:00
P_0142,C_002123,2022-09-01 17:22:00
P_0142,C_002124,2022-09-01 17:08:00
P_0142,C_002125,2022-09-01 17:28:00
P_0142,C_002126,2022-09-01 17:04:00
P_0142,C_002127,2022-09-01 18:48:00
P_0142,C_002128,2022-09-01 17:29:00
P_0142,C_002129,2022-09-01 17:26:00
P_0142,C_002130,2022-09-01 17:12:00
P_0142,C_002131,2022-09-01 17:12:00
P_0142,C_002132,2022-09-01 17:25:00
P_0142,C_002133,2022-09-01 17:26:00
P_0142,C_002134,2022-09-01 17:08:00
P_0142,C_002135,2022-09-01 17:28:00
P_0142,C_002136,2022-09-01 17:17:00
P_0143,C_000544,2022-09-10 16:22:00
P_0143,C_000545,2022-09-10 16:19:00
P_0143,C_000546,2022-09-10 16:18:00
P_0143,C_000547,2022-09-10 16:21:00
P_0143,C_000548,2022-09-09 21:16:00
P_0143,C_000550,2022-09-10 16:23:00
P_0143,C_000551,2022-09-10 16:19:00
P_0143,C_000552,2022-09-10 16:09:00
P_0143,C_000553,2022-09-10 16:23:00
P_0144,C_000213,2022-09-03 10:48:00
P_0144,C_000214,2022-09-03 10:34:00
P_0144,C_000215,2022-09-03 10:56:00
P_0144,C_000216,2022-09-03 10:34:00
P_0144,C_000217,2022-09-03 10:34:00
P_0144,C_000218,2022-09-03 10:42:00
P_0144,C_000220,2022-09-03 10:56:00
P_0145,C_000138,2022-09-02 15:11:00
P_0145,C_000288,2022-09-03 14:20:00
P_0145,C_000290,2022-09-03 18:24:00
P_0145,C_000676,2022-09-04 16:19:00
P_0145,C_001022,2022-09-04 09:01:00
P_0145,C_001052,2022-09-03 08:02:00
P_0145,C_001053,2022-09-02 18:00:00
P_0145,C_001062,2022-09-07 14:11:00
P_0145,C_001130,2022-09-07 19:29:00
P_0145,C_001181,2022-09-01 11:49:00
P_0145,C_001271,2022-09-04 12:53:00
P_0145,C_001513,2022-09-01 19:11:00
P_0145,C_001522,2022-09-01 11:05:00
P_0145,C_001595,2022-09-03 05:33:00
P_0146,C_001415,2022-09-10 07:28:00
P_0146,C_001416,2022-09-10 07:13:00
P_0146,C_001418,2022-09-10 07:06:00
P_0146,C_001419,2022-09-10 07:28:00
P_0146,C_001420,2022-09-10 07:17:00
P_0146,C_001421,2022-09-10 07:12:00
P_0146,C_001422,2022-09-10 07:22:00
P_0146,C_001423,2022-09-10 07:22:00
P_0146,C_001424,2022-09-10 07:28:00
P_0146,C_001425,2022-09-10 07:29:00
P_0147,C_001730,2022-09-08 23:47:00
P_0147,C_001731,2022-09-08 23:58:00
P_0147,C_001732,2022-09-07 06:33:00
P_0147,C_001733,2022-09-08 23:50:00
P_0147,C_001734,2022-09-07 06:58:00
P_0147,C_001735,2022-09-07 06:39:00
P_0147,C_001736,2022-09-08 23:43:00
P_0147,C_001737,2022-09-07 06:57:00
P_0147,C_001738,2022-09-07 06:46:00
P_0147,C_001739,2022-09-07 06:39:00
P_0147,C_001740,2022-09-08 23:45:00
P_0148,C_000004,2022-09-05 15:05:00
P_0148,C_000507,2022-09-05 12:03:00
P_0148,C_000838,2022-09-04 15:26:00
P_0148,C_000887,2022-09-04 02:54:00
P_0148,C_001021,2022-09-05 16:06:00
P_0148,C_001027,2022-09-05 12:57:00
P_0148,C_001180,2022-09-05 13:15:00
P_0148,C_001639,2022-09-07 03:34:00
P_0148,C_001667,2022-09-04 14:55:00
P_0148,C_001728,2022-09-06 09:29:00
P_0148,C_001850,2022-09-04 16:06:00
P_0149,C_000159,2022-09-14 12:55:00
P_0149,C_000962,2022-09-14 14:10:00
P_0149,C_000974,2022-09-14 11:37:00
P_0149,C_001002,2022-09-14 15:49:00
P_0149,C_001026,2022-09-14 04:42:00
P_0149,C_001230,2022-09-11 15:00:00
P_0149,C_001633,2022-09-14 06:24:00
P_0149,C_001643,2022-09-14 19:51:00
P_0149,C_001678,2022-09-05 09:55:00
P_0149,C_001721,2022-09-13 12:31:00
P_0149,C_001811,2022-09-12 11:58:00
P_0149,C_001855,2022-09-10 21:02:00
P_0149,C_002010,2022-09-13 10:30:00
P_0150,C_000705,2022-09-03 12:27:00
P_0150,C_000706,2022-09-03 12:24:00
P_0150,C_000707,2022-09-09 04:41:00
P_0150,C_000708,2022-09-03 12:07:00
P_0150,C_000710,2022-09-03 12:16:00
P_0150,C_000711,2022-09-03 12:03:00
P_0150,C_000712,2022-09-03 12:02:00
P_0150,C_000713,2022-09-03 12:14:00
P_0150,C_000714,2022-09-03 12:19:00
P_0151,C_000328,2022-09-10 08:01:00
P_0151,C_000331,2022-09-10 08:25:00
P_0151,C_000333,2022-09-10 08:13:00
P_0151,C_000334,2022-09-10 08:04:00
P_0151,C_000336,2022-09-10 08:19:00
P_0151,C_000337,2022-09-10 08:26:00
P_0151,C_000338,2022-09-10 08:09:00
P_0151,C_000341,2022-09-10 08:09:00
P_0151,C_000342,2022-09-10 08:05:00
P_0152,C_000011,2022-09-01 15:37:00
P_0152,C_000061,2022-09-09 16:42:00
P_0152,C_000062,2022-09-13 06:57:00
P_0152,C_000064,2022-09-13 04:58:00
P_0152,C_000071,2022-09-09 23:16:00
P_0152,C_000092,2022-09-12 02:16:00
P_0152,C_000107,2022-09-11 08:09:00
P_0152,C_000110,2022-09-09 08:19:00
P_0152,C_000114,2022-09-10 12:41:00
P_0152,C_000136,2022-09-09 13:48:00
P_0152,C_000147,2022-09-09 12:18:00
P_0153,C_001877,2022-09-10 01:45:00
P_0153,C_001878,2022-09-10 01:41:00
P_0153,C_001879,2022-09-10 01:37:00
P_0153,C_001880,2022-09-10 01:57:00
P_0153,C_001881,2022-09-10 01:41:00
P_0153,C_001882,2022-09-10 01:37:00
P_0153,C_001883,2022-09-10 01:40:00
P_0153,C_001884,2022-09-10 01:48:00
P_0153,C_001885,2022-09-10 01:52:00
P_0153,C_001886,2022-09-10 01:52:00
P_0153,C_001887,2022-09-10 01:32:00
P_0153,C_001888,2022-09-10 01:54:00
P_0153,C_001889,2022-09-10 01:37:00
P_0154,C_000183,2022-09-03 16:53:00
P_0154,C_000382,2022-09-04 08:48:00
P_0154,C_000402,2022-09-05 07:16:00
P_0154,C_000406,2022-09-05 13:57:00
P_0154,C_000412,2022-09-06 19:54:00
P_0154,C_000599,2022-09-04 15:33:00
P_0154,C_000680,2022-09-09 02:00:00
P_0154,C_000923,2022-09-04 16:21:00
P_0154,C_001006,2022-09-04 21:57:00
P_0154,C_001029,2022-09-04 08:15:00
P_0154,C_001369,2022-09-05 16:15:00
P_0154,C_001470,2022-09-06 09:23:00
P_0154,C_001498,2022-09-07 19:14:00
P_0154,C_001581,2022-09-04 19:20:00
P_0154,C_001587,2022-09-05 15:37:00
P_0154,C_001661,2022-09-03 10:31:00
P_0154,C_001724,2022-09-06 00:18:00
P_0154,C_001802,2022-09-03 06:08:00
P_0155,C_000123,2022-09-02 16:44:00
P_0155,C_000191,2022-09-09 23:52:00
P_0155,C_000192,2022-09-09 11:57:00
P_0155,C_000195,2022-09-09 10:06:00
P_0155,C_000198,2022-09-09 04:17:00
P_0155,C_000200,2022-09-09 15:26:00
P_0155,C_000201,2022-09-02 15:09:00
P_0155,C_000212,2022-09-02 06:10:00
P_0155,C_000244,2022-09-09 04:32:00
P_0155,C_000275,2022-09-09 15:55:00
P_0155,C_000287,2022-09-09 10:32:00
P_0155,C_000289,2022-09-09 20:41:00
P_0155,C_000300,2022-09-09 06:58:00
P_0155,C_000449,2022-09-02 12:09:00
P_0155,C_000455,2022-09-09 08:28:00
P_0155,C_000506,2022-09-02 11:20:00
P_0155,C_000578,2022-09-09 05:04:00
P_0155,C_000587,2022-09-02 16:58:00
P_0155,C_000603,2022-09-02 01:24:00
P_0155,C_000702,2022-09-02 14:34:00
P_0155,C_000807,2022-09-09 23:39:00
P_0155,C_000827,2022-09-02 13:51:00
P_0155,C_000843,2022-09-09 10:17:00
P_0155,C_000871,2022-09-09 15:40:00
P_0155,C_000878,2022-09-09 03:38:00
P_0155,C_000879,2022-09-09 06:43:00
P_0155,C_000906,2022-09-02 17:13:00
P_0155,C_000977,2022-09-02 16:38:00
P_0155,C_000982,2022-09-09 18:52:00
P_0155,C_000985,2022-09-02 08:31:00
P_0155,C_001040,2022-09-02 18:16:00
P_0155,C_001059,2022-09-09 01:17:00
P_0155,C_001069,2022-09-09 18:20:00
P_0155,C_001131,2022-09-02 10:17:00
P_0155,C_001146,2022-09-09 19:12:00
P_0155,C_001150,2022-09-02 16:35:00
P_0155,C_001153,2022-09-02 11:02:00
P_0155,C_001183,2022-09-02 22:28:00
P_0155,C_001208,2022-09-02 23:23:00
P_0155,C_001209,2022-09-02 18:23:00
P_0155,C_001212,2022-09-09 12:39:00
P_0155,C_001219,2022-09-09 04:16:00
P_0155,C_001220,2022-09-02 06:44:00
P_0155,C_001227,2022-09-09 22:18:00
P_0155,C_001232,2022-09-02 09:40:00
P_0155,C_001292,2022-09-09 03:56:00
P_0155,C_001301,2022-09-09 15:13:00
P_0155,C_001325,2022-09-02 11:25:00
P_0155,C_001327,2022-09-09 06:26:00
P_0155,C_001330,2022-09-09 21:55:00
P_0155,C_001368,2022-09-09 10:05:00
P_0155,C_001386,2022-09-02 02:56:00
P_0155,C_001388,2022-09-02 17:08:00
P_0155,C_001389,2022-09-02 08:30:00
P_0155,C_001426,2022-09-02 00:19:00
P_0155,C_001442,2022-09-09 20:05:00
P_0155,C_001445,2022-09-02 00:43:00
P_0155,C_001446,2022-09-02 05:42:00
P_0155,C_001457,2022-09-02 18:54:00
P_0155,C_001466,2022-09-02 07:06:00
P_0155,C_001477,2022-09-02 12:05:00
P_0155,C_001505,2022-09-02 00:53:00
P_0155,C_001545,2022-09-09 18:22:00
P_0155,C_001555,2022-09-09 17:54:00
P_0155,C_001561,2022-09-02 03:15:00
P_0155,C_001564,2022-09-02 22:29:00
P_0155,C_001573,2022-09-09 07:05:00
P_0155,C_001589,2022-09-09 04:42:00
P_0155,C_001607,2022-09-02 04:19:00
P_0155,C_001609,2022-09-09 21:54:00
P_0155,C_001629,2022-09-09 06:31:00
P_0155,C_001634,2022-09-09 11:44:00
P_0155,C_001636,2022-09-09 20:57:00
P_0155,C_001644,2022-09-01 13:37:00
P_0155,C_001675,2022-09-09 15:57:00
P_0155,C_001778,2022-09-02 15:56:00
P_0155,C_001791,2022-09-09 08:01:00
P_0155,C_001796,2022-09-02 16:06:00
P_0155,C_001807,2022-09-02 17:04:00
P_0155,C_001827,2022-09-02 23:53:00
P_0155,C_001852,2022-09-02 15:48:00
P_0155,C_001857,2022-09-02 09:29:00
P_0155,C_001893,2022-09-09 18:19:00
P_0155,C_001964,2022-09-09 01:33:00
P_0155,C_001996,2022-09-02 22:50:00
P_0155,C_001997,2022-09-09 03:59:00
P_0155,C_002043,2022-09-09 22:36:00
P_0155,C_002046,2022-09-02 01:13:00
P_0155,C_002078,2022-09-02 12:47:00
P_0155,C_002090,2022-09-02 14:21:00
P_0155,C_002105,2022-09-09 15:16:00
P_0155,C_002111,2022-09-09 06:36:00
P_0155,C_002137,2022-09-02 16:38:00
P_0155,C_002138,2022-09-02 06:18:00
P_0155,C_002139,2022-09-09 15:55:00
P_0155,C_002140,2022-09-02 01:59:00
P_0156,C_000383,2022-09-03 20:31:00
P_0156,C_000384,2022-09-03 20:57:00
P_0156,C_000386,2022-09-03 20:33:00
P_0156,C_000387,2022-09-03 20:59:00
P_0156,C_000388,2022-09-03 20:34:00
P_0156,C_000389,2022-09-03 20:52:00
P_0156,C_000390,2022-09-03 20:30:00
P_0156,C_000391,2022-09-03 20:49:00
P_0156,C_000392,2022-09-03 20:32:00
P_0156,C_000393,2022-09-03 20:39:00
P_0156,C_000394,2022-09-03 20:55:00
P_0156,C_000396,2022-09-03 20:33:00
P_0156,C_000398,2022-09-03 20:54:00
P_0156,C_000399,2022-09-03 20:59:00
P_0157,C_001145,2022-09-04 05:10:00
P_0157,C_001282,2022-09-06 12:40:00
P_0157,C_001283,2022-09-06 12:48:00
P_0157,C_001284,2022-09-06 12:45:00
P_0157,C_001285,2022-09-06 12:36:00
P_0157,C_001286,2022-09-06 12:52:00
P_0157,C_001287,2022-09-06 12:57:00
P_0157,C_001288,2022-09-06 12:54:00
P_0157,C_001289,2022-09-06 12:42:00
P_0157,C_001290,2022-09-06 12:35:00
P_0158,C_000515,2022-09-04 16:10:00
P_0158,C_000655,2022-09-09 07:20:00
P_0158,C_000656,2022-09-09 07:24:00
P_0158,C_000657,2022-09-09 07:14:00
P_0158,C_000658,2022-09-09 07:13:00
P_0158,C_000659,2022-09-09 07:22:00
P_0158,C_000660,2022-09-09 07:01:00
P_0158,C_000662,2022-09-09 07:09:00
P_0159,C_000009,2022-09-03 01:13:00
P_0159,C_000409,2022-09-06 12:45:00
P_0159,C_000577,2022-09-03 07:16:00
P_0159,C_000742,2022-09-05 16:24:00
P_0159,C_000938,2022-09-04 11:00:00
P_0159,C_000955,2022-09-03 05:20:00
P_0159,C_000966,2022-09-03 06:15:00
P_0159,C_001162,2022-09-02 19:43:00
P_0159,C_001179,2022-09-04 19:30:00
P_0159,C_001185,2022-09-02 17:46:00
P_0159,C_001355,2022-09-05 10:07:00
P_0159,C_001401,2022-09-06 13:36:00
P_0159,C_001524,2022-09-06 16:45:00
P_0159,C_001637,2022-09-03 18:13:00
P_0160,C_000291,2022-09-14 10:56:00
P_0160,C_000516,2022-09-13 14:25:00
P_0160,C_000607,2022-09-14 05:16:00
P_0160,C_000732,2022-09-13 11:58:00
P_0160,C_000835,2022-09-14 08:24:00
P_0160,C_000868,2022-09-13 18:05:00
P_0160,C_001151,2022-09-14 02:36:00
P_0160,C_001228,2022-09-14 06:36:00
P_0160,C_001276,2022-09-14 11:07:00
P_0160,C_001302,2022-09-14 15:14:00
P_0160,C_001387,2022-09-13 13:51:00
P_0160,C_001534,2022-09-14 08:58:00
P_0160,C_001631,2022-09-03 21:26:00
P_0160,C_001656,2022-09-14 14:56:00
P_0160,C_001691,2022-09-13 12:03:00
P_0161,C_000066,2022-09-10 09:13:00
P_0161,C_000221,2022-09-10 12:14:00
P_0161,C_000447,2022-09-09 08:51:00
P_0161,C_000500,2022-09-10 17:11:00
P_0161,C_000693,2022-09-09 05:18:00
P_0161,C_000734,2022-09-10 05:52:00
P_0161,C_000846,2022-09-09 19:27:00
P_0161,C_001010,2022-09-10 08:42:00
P_0161,C_001041,2022-09-11 05:46:00
P_0161,C_001242,2022-09-10 04:14:00
P_0161,C_001509,2022-09-08 20:32:00
P_0161,C_001584,2022-09-09 17:32:00
P_0161,C_001659,2022-09-09 01:37:00
P_0162,C_001741,2022-09-07 20:34:00
P_0162,C_001742,2022-09-07 20:44:00
P_0162,C_001743,2022-09-07 20:37:00
P_0162,C_001744,2022-09-07 20:45:00
P_0162,C_001745,2022-09-07 20:47:00
P_0162,C_001746,2022-09-07 20:37:00
P_0162,C_001747,2022-09-07 20:48:00
P_0162,C_001748,2022-09-07 20:48:00
P_0162,C_001749,2022-09-07 20:41:00
P_0162,C_001750,2022-09-07 20:57:00
P_0162,C_001751,2022-09-07 20:50:00
P_0163,C_000166,2022-09-10 08:43:00
P_0163,C_000167,2022-09-10 08:42:00
P_0163,C_000168,2022-09-10 08:36:00
P_0163,C_000169,2022-09-10 08:31:00
P_0163,C_000171,2022-09-10 08:34:00
P_0163,C_000172,2022-09-10 08:46:00
P_0163,C_000174,2022-09-10 08:59:00
P_0163,C_000175,2022-09-10 08:50:00
P_0164,C_000525,2022-09-01 13:06:00
P_0164,C_000874,2022-09-02 13:58:00
P_0164,C_000916,2022-09-01 07:53:00
P_0164,C_001044,2022-09-02 00:26:00
P_0164,C_001045,2022-09-09 00:06:00
P_0164,C_001046,2022-09-09 00:07:00
P_0164,C_001047,2022-09-03 00:08:00
P_0165,C_000716,2022-09-09 15:07:00
P_0165,C_000730,2022-09-02 00:47:00
P_0165,C_000735,2022-09-01 00:10:00
P_0165,C_000736,2022-09-09 04:37:00
P_0165,C_000782,2022-09-02 04:04:00
P_0165,C_000794,2022-09-09 12:09:00
P_0165,C_000845,2022-09-02 22:29:00
P_0165,C_000847,2022-09-09 10:00:00
P_0165,C_000873,2022-09-09 15:50:00
P_0165,C_000875,2022-09-02 16:03:00
P_0165,C_001999,2022-09-02 00:54:00
P_0166,C_001651,2022-09-02 00:39:00
P_0166,C_001655,2022-09-09 08:40:00
P_0166,C_001677,2022-09-02 14:52:00
P_0166,C_001681,2022-09-09 16:46:00
P_0166,C_001689,2022-09-02 23:47:00
P_0166,C_001717,2022-09-09 20:15:00
P_0166,C_001726,2022-09-02 21:18:00
P_0166,C_001729,2022-09-09 03:59:00
P_0166,C_001752,2022-09-02 10:24:00
P_0166,C_001753,2022-09-02 16:48:00
P_0166,C_001761,2022-09-09 15:24:00
P_0166,C_001772,2022-09-09 12:21:00
P_0166,C_001773,2022-09-02 11:43:00
P_0166,C_001774,2022-09-09 18:18:00
P_0166,C_001775,2022-09-09 01:07:00
P_0166,C_001776,2022-09-02 05:39:00
P_0166,C_001777,2022-09-02 13:52:00
P_0166,C_001790,2022-09-02 14:27:00
P_0167,C_001378,2022-09-06 08:53:00
P_0167,C_001379,2022-09-06 08:48:00
P_0167,C_001380,2022-09-06 08:58:00
P_0167,C_001381,2022-09-06 08:37:00
P_0167,C_001382,2022-09-06 08:48:00
P_0167,C_001383,2022-09-06 08:46:00
P_0167,C_001384,2022-09-06 08:39:00
P_0167,C_001385,2022-09-06 08:36:00
P_0168,C_000576,2022-09-02 13:50:00
P_0168,C_000625,2022-09-09 15:17:00
P_0168,C_000678,2022-09-02 00:30:00
P_0168,C_000687,2022-09-02 15:15:00
P_0168,C_001177,2022-09-02 13:52:00
P_0168,C_001178,2022-09-01 09:31:00
P_0168,C_001479,2022-09-09 01:32:00
P_0168,C_001486,2022-09-09 08:20:00
P_0168,C_001492,2022-09-02 01:53:00
P_0168,C_001653,2022-09-09 07:58:00
P_0169,C_000490,2022-09-05 20:22:00
P_0169,C_000491,2022-09-05 20:22:00
P_0169,C_000492,2022-09-05 20:12:00
P_0169,C_000493,2022-09-05 20:13:00
P_0169,C_000494,2022-09-05 20:22:00
P_0169,C_000495,2022-09-01 00:00:00
P_0169,C_000496,2022-09-05 20:01:00
P_0169,C_000497,2022-09-02 05:52:00
P_0169,C_000498,2022-09-05 20:02:00
P_0170,C_000012,2022-09-03 18:19:00
P_0170,C_000299,2022-09-05 22:21:00
P_0170,C_000509,2022-09-06 18:29:00
P_0170,C_000704,2022-09-04 12:53:00
P_0170,C_000740,2022-09-01 11:00:00
P_0170,C_000979,2022-09-03 19:23:00
P_0170,C_001204,2022-09-04 22:58:00
P_0170,C_001252,2022-09-04 03:09:00
P_0170,C_001274,2022-09-04 18:20:00
P_0170,C_001403,2022-09-05 08:16:00
P_0170,C_001447,2022-09-06 16:48:00
P_0170,C_001591,2022-09-03 14:54:00
P_0170,C_001594,2022-09-06 11:14:00
P_0170,C_001858,2022-09-04 18:35:00
P_0171,C_000016,2022-09-04 11:55:00
P_0171,C_000022,2022-09-05 18:50:00
P_0171,C_001346,2022-09-07 18:02:00
P_0171,C_001906,2022-09-05 11:21:00
P_0171,C_001913,2022-09-04 04:45:00
P_0171,C_001914,2022-09-04 15:25:00
P_0171,C_001917,2022-09-06 07:48:00
P_0171,C_001920,2022-09-07 18:30:00
P_0171,C_001926,2022-09-06 14:49:00
P_0171,C_001927,2022-09-04 12:50:00
P_0171,C_001929,2022-09-06 11:09:00
P_0171,C_001930,2022-09-05 21:37:00
P_0171,C_001931,2022-09-05 18:11:00
P_0171,C_001962,2022-09-12 17:52:00
P_0171,C_002068,2022-09-06 10:54:00
P_0171,C_002158,2022-09-07 19:02:00
P_0172,C_002029,2022-09-04 07:49:00
P_0172,C_002030,2022-09-04 07:53:00
P_0172,C_002031,2022-09-04 07:53:00
P_0172,C_002032,2022-09-04 07:55:00
P_0172,C_002033,2022-09-04 07:55:00
P_0172,C_002034,2022-09-04 07:35:00
P_0172,C_002035,2022-09-01 00:10:00
P_0172,C_002036,2022-09-04 07:35:00
P_0172,C_002037,2022-09-04 07:34:00
P_0173,C_000245,2022-09-01 15:25:00
P_0173,C_000313,2022-09-01 07:15:00
P_0173,C_000502,2022-09-01 00:43:00
P_0173,C_000523,2022-09-03 14:28:00
P_0173,C_000572,2022-09-01 17:25:00
P_0173,C_000666,2022-09-01 15:32:00
P_0173,C_000791,2022-09-04 14:07:00
P_0173,C_000849,2022-09-03 11:07:00
P_0173,C_000934,2022-09-03 07:12:00
P_0173,C_001114,2022-09-04 16:21:00
P_0173,C_001441,2022-09-02 07:29:00
P_0173,C_001463,2022-09-02 15:44:00
P_0173,C_001798,2022-09-03 03:54:00
P_0174,C_000265,2022-09-06 08:48:00
P_0174,C_000269,2022-09-02 23:07:00
P_0174,C_000270,2022-09-02 23:16:00
P_0174,C_000271,2022-09-02 23:26:00
P_0174,C_000272,2022-09-02 23:03:00
P_0174,C_000273,2022-09-02 23:21:00
P_0174,C_000274,2022-09-02 23:01:00
P_0175,C_000967,2022-09-06 04:29:00
P_0175,C_000968,2022-09-02 18:10:00
P_0175,C_000969,2022-09-06 04:17:00
P_0175,C_000970,2022-09-06 04:05:00
P_0175,C_000971,2022-09-06 04:02:00
P_0175,C_000972,2022-09-06 04:28:00
P_0175,C_000973,2022-09-06 04:04:00
P_0175,C_000975,2022-09-06 04:02:00
P_0175,C_000976,2022-09-06 04:18:00
P_0176,C_000435,2022-09-10 23:38:00
P_0176,C_000436,2022-09-10 23:49:00
P_0176,C_000437,2022-09-10 23:55:00
P_0176,C_000438,2022-09-10 23:44:00
P_0176,C_000439,2022-09-10 23:41:00
P_0176,C_000440,2022-09-10 23:33:00
P_0176,C_000441,2022-09-10 23:44:00
P_0177,C_000957,2022-09-08 12:07:00
P_0177,C_001152,2022-09-08 08:48:00
P_0177,C_001273,2022-09-07 22:26:00
P_0177,C_001317,2022-09-07 16:58:00
P_0177,C_001562,2022-09-08 05:12:00
P_0177,C_001841,2022-09-08 09:38:00
P_0177,C_002041,2022-09-08 10:02:00
P_0178,C_000014,2022-09-03 09:14:00
P_0178,C_001907,2022-09-01 15:27:00
P_0178,C_001915,2022-09-04 15:28:00
P_0178,C_001918,2022-09-02 18:31:00
P_0178,C_001937,2022-09-01 13:00:00
P_0178,C_001963,2022-09-06 12:26:00
P_0178,C_001965,2022-09-05 01:18:00
P_0178,C_001969,2022-09-10 10:32:00
P_0178,C_001970,2022-09-03 16:24:00
P_0178,C_001972,2022-09-03 07:57:00
P_0178,C_001984,2022-09-03 17:28:00
P_0178,C_001986,2022-09-02 06:36:00
P_0178,C_002002,2022-09-02 01:39:00
P_0178,C_002004,2022-09-02 09:57:00
P_0178,C_002005,2022-09-02 13:13:00
P_0178,C_002069,2022-09-04 05:17:00
P_0178,C_002071,2022-09-04 07:10:00
P_0178,C_002073,2022-09-01 06:23:00
P_0178,C_002075,2022-09-04 11:44:00
P_0179,C_001694,2022-09-10 22:48:00
P_0179,C_001764,2022-09-10 22:55:00
P_0179,C_001765,2022-09-10 22:49:00
P_0179,C_001766,2022-09-10 22:32:00
P_0179,C_001767,2022-09-10 22:51:00
P_0179,C_001768,2022-09-10 22:38:00
P_0179,C_001769,2022-09-10 22:46:00
P_0179,C_001771,2022-09-10 22:35:00
P_0180,C_001946,2022-09-10 04:09:00
P_0180,C_001947,2022-09-10 04:17:00
P_0180,C_001948,2022-09-10 04:07:00
P_0180,C_001949,2022-09-10 04:17:00
P_0180,C_001950,2022-09-10 04:24:00
P_0180,C_001951,2022-09-10 04:27:00
P_0180,C_001952,2022-09-10 04:29:00
P_0180,C_001953,2022-09-10 04:04:00
P_0180,C_001954,2022-09-10 04:19:00
P_0180,C_001955,2022-09-10 04:28:00
P_0181,C_001895,2022-09-10 11:49:00
P_0181,C_001896,2022-09-10 11:31:00
P_0181,C_001897,2022-09-10 11:59:00
P_0181,C_001898,2022-09-10 11:48:00
P_0181,C_001899,2022-09-10 11:49:00
P_0181,C_001900,2022-09-10 11:31:00
P_0181,C_001903,2022-09-10 11:31:00
P_0181,C_001904,2022-09-10 11:40:00
P_0182,C_000057,2022-09-02 14:09:00
P_0182,C_000116,2022-09-02 22:54:00
P_0182,C_000257,2022-09-10 07:47:00
P_0182,C_000430,2022-09-08 23:39:00
P_0182,C_000445,2022-09-07 15:19:00
P_0182,C_000561,2022-09-10 00:37:00
P_0182,C_000689,2022-09-08 21:42:00
P_0182,C_001005,2022-09-06 17:05:00
P_0182,C_001054,2022-09-09 16:46:00
P_0182,C_001125,2022-09-08 13:16:00
P_0182,C_001400,2022-09-09 18:14:00
P_0182,C_001438,2022-09-08 06:31:00
P_0182,C_001859,2022-09-07 17:51:00
P_0183,C_000059,2022-09-09 03:51:00
P_0183,C_000601,2022-09-07 20:46:00
P_0183,C_001020,2022-09-07 18:57:00
P_0183,C_001039,2022-09-07 20:09:00
P_0183,C_001456,2022-09-08 05:08:00
P_0183,C_001493,2022-09-08 15:35:00
P_0183,C_001531,2022-09-08 12:04:00
P_0183,C_001583,2022-09-08 15:02:00
P_0183,C_001794,2022-09-08 05:50:00
P_0183,C_001814,2022-09-09 14:48:00
P_0183,C_001894,2022-09-07 15:55:00
P_0183,C_001933,2022-09-08 13:41:00
P_0184,C_001184,2022-09-08 23:58:00
P_0184,C_001187,2022-09-08 23:42:00
P_0184,C_001188,2022-09-08 23:41:00
P_0184,C_001189,2022-09-08 23:41:00
P_0184,C_001191,2022-09-08 23:45:00
P_0184,C_001201,2022-09-01 15:10:00
P_0184,C_001202,2022-09-08 23:39:00
P_0184,C_001205,2022-09-08 23:50:00
P_0185,C_000037,2022-09-07 13:37:00
P_0185,C_000381,2022-09-06 18:33:00
P_0185,C_000517,2022-09-07 19:11:00
P_0185,C_000574,2022-09-06 13:24:00
P_0185,C_000663,2022-09-07 12:44:00
P_0185,C_000691,2022-09-05 16:16:00
P_0185,C_000810,2022-09-07 18:14:00
P_0185,C_000824,2022-09-07 11:34:00
P_0185,C_001068,2022-09-05 12:46:00
P_0185,C_001112,2022-09-08 06:10:00
P_0185,C_001245,2022-09-06 17:19:00
P_0185,C_001253,2022-09-08 11:57:00
P_0185,C_001270,2022-09-06 16:24:00
P_0185,C_001590,2022-09-06 09:47:00
P_0185,C_001722,2022-09-05 02:52:00
P_0185,C_001723,2022-09-06 13:32:00
P_0186,C_000877,2022-09-09 12:00:00
P_0186,C_001547,2022-09-09 12:19:00
P_0186,C_001548,2022-09-09 12:21:00
P_0186,C_001549,2022-09-09 12:14:00
P_0186,C_001550,2022-09-09 12:08:00
P_0186,C_001551,2022-09-09 12:24:00
P_0186,C_001552,2022-09-09 12:10:00
P_0186,C_001553,2022-09-09 12:03:00
P_0186,C_001554,2022-09-09 12:03:00
P_0187,C_000532,2022-09-10 10:49:00
P_0187,C_000533,2022-09-10 10:55:00
P_0187,C_000534,2022-09-10 10:46:00
P_0187,C_000535,2022-09-10 10:46:00
P_0187,C_000536,2022-09-10 10:43:00
P_0187,C_000537,2022-09-10 10:56:00
P_0187,C_000538,2022-09-10 10:36:00
P_0188,C_001557,2022-09-01 15:39:00
P_0188,C_001558,2022-09-01 15:58:00
P_0188,C_001559,2022-09-01 15:37:00
P_0188,C_001566,2022-09-01 15:33:00
P_0188,C_001567,2022-09-01 15:31:00
P_0188,C_001568,2022-09-01 15:36:00
P_0188,C_001569,2022-09-01 15:32:00
P_0188,C_001570,2022-09-01 15:34:00
P_0188,C_001571,2022-09-01 15:34:00
P_0188,C_001572,2022-09-01 15:53:00
P_0188,C_001574,2022-09-01 15:44:00
P_0188,C_001575,2022-09-01 15:53:00
P_0188,C_001576,2022-09-01 15:38:00
P_0189,C_000480,2022-09-07 14:03:00
P_0189,C_000481,2022-09-07 14:26:00
P_0189,C_000482,2022-09-07 14:08:00
P_0189,C_000483,2022-09-07 14:27:00
P_0189,C_000484,2022-09-07 14:01:00
P_0189,C_000485,2022-09-07 14:25:00
P_0189,C_000486,2022-09-07 14:19:00
P_0190,C_000296,2022-09-09 02:05:00
P_0190,C_000499,2022-09-03 00:06:00
P_0190,C_000501,2022-09-01 00:23:00
P_0190,C_000724,2022-09-05 00:19:00
P_0190,C_001459,2022-09-07 00:19:00
P_0190,C_001467,2022-09-06 00:15:00
P_0190,C_001560,2022-09-06 00:22:00
P_0190,C_001642,2022-09-07 00:00:00
P_0190,C_001828,2022-09-08 00:00:00
P_0190,C_001909,2022-09-10 00:23:00
P_0190,C_002077,2022-09-09 00:13:00
P_0190,C_002079,2022-09-07 00:02:00
P_0190,C_002080,2022-09-09 00:18:00
P_0190,C_002112,2022-09-02 00:24:00
P_0191,C_001072,2022-09-06 04:44:00
P_0191,C_001073,2022-09-01 00:02:00
P_0191,C_001074,2022-09-06 04:36:00
P_0191,C_001075,2022-09-06 04:51:00
P_0191,C_001076,2022-09-06 04:38:00
P_0191,C_001077,2022-09-06 04:32:00
P_0191,C_001079,2022-09-06 04:48:00
P_0191,C_001080,2022-09-06 04:52:00
P_0191,C_001081,2022-09-06 04:33:00
P_0191,C_001082,2022-09-06 04:38:00
P_0192,C_000763,2022-09-06 12:08:00
P_0192,C_000764,2022-09-06 12:02:00
P_0192,C_000765,2022-09-06 12:28:00
P_0192,C_000766,2022-09-06 12:02:00
P_0192,C_000767,2022-09-06 12:18:00
P_0192,C_000768,2022-09-06 12:02:00
P_0192,C_000769,2022-09-06 12:05:00
P_0192,C_000770,2022-09-06 12:03:00
P_0192,C_000771,2022-09-06 12:01:00
P_0192,C_000773,2022-09-06 12:12:00
P_0193,C_001869,2022-09-09 12:36:00
P_0193,C_001870,2022-09-09 12:50:00
P_0193,C_001871,2022-09-09 12:31:00
P_0193,C_001872,2022-09-09 12:48:00
P_0193,C_001873,2022-09-09 12:47:00
P_0193,C_001874,2022-09-09 12:30:00
P_0193,C_001875,2022-09-09 12:49:00
P_0193,C_001876,2022-09-09 12:49:00
P_0194,C_000302,2022-09-07 13:18:00
P_0194,C_000303,2022-09-07 13:21:00
P_0194,C_000304,2022-09-07 13:22:00
P_0194,C_000305,2022-09-07 13:05:00
P_0194,C_000306,2022-09-07 13:26:00
P_0194,C_000307,2022-09-07 13:16:00
P_0194,C_000308,2022-09-07 13:24:00
P_0195,C_001973,2022-09-10 00:08:00
P_0195,C_001974,2022-09-10 00:15:00
P_0195,C_001976,2022-09-10 00:05:00
P_0195,C_001977,2022-09-10 00:01:00
P_0195,C_001978,2022-09-10 00:05:00
P_0195,C_001979,2022-09-10 00:28:00
P_0195,C_001980,2022-09-10 00:16:00
P_0195,C_001981,2022-09-10 00:06:00
P_0195,C_001982,2022-09-10 00:22:00
P_0195,C_001983,2022-09-02 23:27:00
P_0196,C_000731,2022-09-09 00:51:00
P_0196,C_000795,2022-09-09 00:49:00
P_0196,C_000796,2022-09-09 00:31:00
P_0196,C_000797,2022-09-09 00:51:00
P_0196,C_000798,2022-09-09 00:33:00
P_0196,C_000799,2022-09-09 00:52:00
P_0196,C_000801,2022-09-09 00:35:00
P_0196,C_000802,2022-09-09 00:39:00
P_0196,C_000803,2022-09-09 00:31:00
P_0196,C_000804,2022-09-09 00:38:00
P_0196,C_000805,2022-09-09 00:32:00
P_0197,C_001192,2022-09-03 08:13:00
P_0197,C_001193,2022-09-03 08:26:00
P_0197,C_001194,2022-09-03 08:29:00
P_0197,C_001195,2022-09-03 08:20:00
P_0197,C_001196,2022-09-03 08:05:00
P_0197,C_001197,2022-09-03 08:01:00
P_0197,C_001198,2022-09-03 08:03:00
P_0197,C_001199,2022-09-03 08:23:00
P_0198,C_000095,2022-09-04 20:37:00
P_0198,C_000100,2022-09-05 07:12:00
P_0198,C_000101,2022-09-07 15:02:00
P_0198,C_000103,2022-09-05 08:59:00
P_0198,C_000113,2022-09-01 18:34:00
P_0198,C_000121,2022-09-05 00:29:00
P_0198,C_000131,2022-09-05 19:27:00
P_0198,C_000137,2022-09-05 09:03:00
P_0198,C_000176,2022-09-05 16:35:00
P_0199,C_000035,2022-09-05 10:39:00
P_0199,C_000242,2022-09-05 11:45:00
P_0199,C_000261,2022-09-03 04:32:00
P_0199,C_000582,2022-09-05 08:22:00
P_0199,C_000823,2022-09-04 09:42:00
P_0199,C_000882,2022-09-03 13:59:00
P_0199,C_000961,2022-09-04 02:26:00
P_0199,C_001012,2022-09-03 18:48:00
P_0199,C_001173,2022-09-05 17:10:00
P_0199,C_001182,2022-09-06 11:31:00
P_0199,C_001254,2022-09-06 19:22:00
P_0199,C_001267,2022-09-06 15:59:00
P_0199,C_001342,2022-09-06 05:02:00
P_0199,C_001372,2022-09-03 12:58:00
P_0199,C_001444,2022-09-04 13:32:00
P_0199,C_001657,2022-09-06 18:37:00
P_0199,C_001830,2022-09-05 18:09:00
P_0200,C_002142,2022-09-06 07:47:00
P_0200,C_002143,2022-09-06 07:44:00
P_0200,C_002144,2022-09-06 07:44:00
P_0200,C_002147,2022-09-06 07:38:00
P_0200,C_002148,2022-09-06 07:44:00
P_0200,C_002149,2022-09-06 07:57:00
P_0200,C_002152,2022-09-06 07:46:00
P_0200,C_002156,2022-09-06 07:42:00
